project_id,customer_contact_id,request_created_at,offer_created_at,first_signed_at,country,energy_demand_wh,energy_price_per_wh,energy_price_increase,energy_price_with_flexible_tariff,base_price_per_month,base_price_increase,load_profile,load_profile_editor_id,has_ev,ev_annual_drive_distance_km,has_solar,solar_size_kwp,solar_angle,solar_orientation,solar_built_year,solar_feedin_renumeration,solar_feedin_renumeration_post_eeg,has_storage,storage_size_kwh,storage_built_year,has_wallbox,wallbox_charge_speed_kw,heating_existing_type,heating_existing_cost_per_year,heating_existing_cost_increase_per_year,heating_existing_electricity_demand_kwh,heating_existing_heating_demand_wh,house_size_sqm,house_built_year,num_inhabitants
59e69adef25fbdb8,00c3c0623a52c250,,2025-06-09 09:33:20.229000,2025-06-09 12:13:15.423000,Germany,5500000.0,0.00039,0.04,,,,H0,,False,,False,,,,,,,False,,,False,,,,,,,,,
1c2918c1b4e78cd4,902dfd72a49baf6f,,2025-07-01 07:00:55.339000,2025-07-02 09:44:31.812000,Germany,4500000.0,0.00039,0.03,,,,H0,,False,,False,,,,,,,False,,,False,,,,,,,,,
584ce1b287dc4ca3,4f25606be5d7df3a,,2025-09-18 19:40:04.403000,2025-09-12 00:00:00,Germany,11000000.0,0.00039,0.03,,,,H0,,False,,False,,,,,,,False,,,False,,,,,,,,,
d34e6d7769f1c4cb,33d48975babf93b8,2025-10-11 08:12:20.430000,,2025-10-11 08:38:06.585000,Germany,4500000.0,0.00039,0.03,,,,H0,,False,,False,,,,,,,False,,,False,,,,,,,,,
265cc1c48598e811,aad0590f8acfb685,2025-10-19 12:22:03.666000,2025-10-19 12:23:00.358000,2025-10-21 00:00:00,Germany,4500000.0,0.00039,0.03,,,,H0,,False,,False,,,,,,,False,,,False,,,,,,,,,
1a49b1461fd510cc,0b6dbdd58e39ddf0,,2025-10-16 08:27:23.504000,2025-10-21 00:00:00,Germany,4000000.0,0.00033,0.05,0.0002,,,FamilyOfFour,,False,,False,,,,,,,False,,,False,,Gas,1800.0,,,2500000.0,,,
20272671981e9801,f212292939bbd6d2,,2025-10-15 07:25:25.279000,2025-10-28 09:56:23.304000,Germany,4500000.0,0.00039,0.03,,,,H0,,False,,False,,,,,,,False,,,False,,Gas,1000.0,,,3000000.0,,,
9957e59d72df8150,ce66947e5e295f89,2025-10-29 12:19:31.780000,2025-10-29 12:23:36.373000,2025-10-29 12:51:30.552000,Germany,4500000.0,0.00039,0.03,,,,H0,,False,,False,,,,,,,False,,,False,,,,,,,,,
08da8f17719a880d,961eaf15b6013573,2025-10-15 14:44:43.089000,2025-11-05 16:55:38.448000,2025-11-05 00:00:00,Germany,11000000.0,0.00028,0.03,0.00024,,,H0,,False,,False,,,,,,,False,,,False,,,,,,,,,
465d00ca294da31f,a597c9c27e16d61b,2025-10-21 14:03:48.657000,2025-10-31 09:34:37.404000,2025-11-07 13:37:09.041000,Germany,2000000.0,0.00035,0.03,0.00024,,,H0,,False,,False,,,,,,,False,,,False,,,,,,,,,
12def6215ad77b53,fdc4c7e2657366b2,,2025-11-07 12:24:11.278000,2025-11-07 15:00:13.648000,Germany,4500000.0,0.00039,0.03,,,,H0,,False,,False,,,,,,,False,,,False,,,,,,,,,
d4539c8ac1321e6f,463a2a3de6460db0,2025-11-07 10:49:39.654000,2025-11-07 13:32:45.094000,2025-11-10 00:00:00,Germany,3000000.0,0.00034,0.03,,,,H0,,False,,False,,,,,,,False,,,False,,,,,,,,,
97078dfdae79a399,81c9b26195596450,2025-11-07 08:01:16.799000,2025-11-07 09:59:20.598000,2025-11-14 00:00:00,Germany,3000000.0,0.00034,0.03,,,,SeniorOnePerson,,False,,False,,,,,,,False,,,False,,Heatpump,1.53,,4500.0,15750000.0,,,
054c8e4976de1e99,b8f7430f29fdaf29,2025-07-24 08:14:28.248000,2025-07-24 08:14:41.453000,2025-11-17 12:44:27.714000,Germany,4500000.0,0.00035,0.02,,,,H0,,False,,False,,,,,,,False,,,False,,,,,,,,,
09bf9dbfe9433d93,13ed344af75796fa,,2025-07-13 20:57:56.080000,2025-11-18 06:40:57.021000,Germany,4500000.0,0.00039,0.03,,,,H0,,False,,False,,,,,,,False,,,False,,,,,,,,,
0fd6d414a8071061,a5b1eaa3a1218270,2025-07-14 12:06:32.531000,2025-09-03 14:27:20.324000,2025-11-18 14:04:34.752000,Germany,5000000.0,0.0003,0.03,0.00024,,,H0,,False,,False,,,,,,,False,,,False,,Heatpump,,,4000.0,14000000.0,,,
b764e536a9e4848e,8759eefd13513b07,2025-10-30 09:19:01.739000,,2025-11-19 07:22:44.425000,Germany,4500000.0,0.00039,0.03,,,,H0,,False,,False,,,,,,,False,,,False,,,,,,,,,
ea1fd86772e22649,5ae345c7d6230737,2025-08-12 19:50:45.146000,2025-09-01 19:56:16.498000,2025-11-19 08:25:22.830000,Germany,4500000.0,0.00039,0.03,,,,H0,,False,,False,,,,,,,False,,,False,,,,,,,,,
d4d393525925f47b,c11febe3773b44b3,2025-10-11 09:01:52.861000,2025-10-23 15:28:16.585000,2025-11-19 11:08:32.297000,Germany,4500000.0,0.00038,0.03,0.00024,,,H0,,False,,False,,,,,,,False,,,False,,,,,,,,,
f32125ba03f4c524,3e4a2205bd4f2099,2025-10-01 08:48:58.998000,2025-10-22 16:09:54.766000,2025-11-19 11:57:26.651000,Germany,3000000.0,0.00039,0.03,,,,H0,,False,,False,,,,,,,False,,,False,,,,,,,,,
db66a86344a0b310,3e05206369596cc1,2025-08-11 11:26:17.427000,2025-10-31 14:47:49.868000,2025-11-19 13:16:10.993000,Germany,3500000.0,0.00039,0.03,,,,H0,,False,,False,,,,,,,False,,,False,,,,,,,,,
f9d3c6aa59031b9c,ab7cbf838a8199f9,2025-11-04 12:40:34.116000,2025-11-13 11:02:22.906000,2025-11-19 13:51:18.773000,Germany,2300000.0,0.00039,0.03,,,,H0,,False,,False,,,,,,,False,,,False,,,,,,,,,
789357e114881a6c,390ee5c979c484b6,,2025-08-23 11:55:03.746000,2025-11-19 14:31:00.808000,Germany,4500000.0,0.00039,0.03,,,,H0,,False,,False,,,,,,,False,,,False,,,,,,,,,
9c9373d43714f85c,84472e7c7c3ffb4c,2025-11-06 08:10:48.668000,2025-11-10 11:28:28.988000,2025-11-20 06:32:28.002000,Germany,3000000.0,0.00039,0.03,,,,H0,,False,,False,,,,,,,False,,,False,,,,,,,,,
cff2a9d9809f2185,aa8220279837ec5c,2025-10-11 09:01:52.858000,2025-10-17 11:20:39.044000,2025-11-21 10:11:11.715000,Germany,3000000.0,0.00039,0.03,,,,H0,,False,,False,,,,,,,False,,,False,,,,,,,,,
2fd4dbac0278c8e7,2629dd0b45512f4e,2025-08-28 09:55:10.577000,2025-09-16 04:50:25.122000,2025-11-24 10:44:51.601000,Germany,15000000.0,0.00039,0.03,,,,H0,,False,,False,,,,,,,False,,,False,,,,,,,,,
0d62ebfaa678586c,c7115a39cd7d8108,2025-10-02 13:30:16.636000,2025-11-06 19:29:05.367000,2025-11-24 14:04:00.798000,Germany,3000000.0,0.00039,0.03,,,,H0,,False,,False,,,,,,,False,,,False,,,,,,,,,
410ae3b0babf382e,90b5554cdc6999b8,2025-10-20 07:30:07.804000,2025-11-11 13:45:03.551000,2025-11-24 16:52:15.294000,Germany,3000000.0,0.00039,0.03,,,,H0,,False,,False,,,,,,,False,,,False,,,,,,,,,
1e65f631d4f8392e,cc012e7e6ad6c638,,2025-07-17 16:21:42.884000,2025-11-25 09:42:11.679000,Germany,4500000.0,0.00039,0.03,,,,H0,,False,,False,,,,,,,False,,,False,,,,,,,,,
47cbc94c6be2fbf5,2b20f4622eeced57,2025-10-07 07:02:24.540000,2025-11-11 14:02:22.680000,2025-11-25 10:10:19.021000,Germany,3000000.0,0.00039,0.03,,,,H0,,False,,False,,,,,,,False,,,False,,,,,,,,,
812393251fbb5699,7210403e65f5d1ea,2025-11-16 12:08:39.870000,,2025-11-25 15:36:08.560000,Germany,4500000.0,0.00039,0.03,,,,H0,,False,,False,,,,,,,False,,,False,,,,,,,,,
4a8b2e7d2b647a6d,ec52a39879c5bc67,,2025-11-13 15:26:54.135000,2025-11-26 08:35:23.147000,Germany,4500000.0,0.00039,0.03,,,,H0,,False,,False,,,,,,,False,,,False,,,,,,,,,
12ab1c85b177b018,c58420c825de23fa,2025-10-22 07:25:01.658000,2025-11-03 12:01:50.483000,2025-11-27 09:25:03.859000,Germany,3500000.0,0.0003,0.04,0.00022,,,H0,,False,,False,,,,,,,False,,,False,,,,,,,,,
d7b256ce099307ab,7ee0f6a25699eead,2025-10-14 07:09:22.760000,2025-11-06 12:51:56.592000,2025-11-27 13:30:35.628000,Germany,2000000.0,0.00036,0.04,,,,H0,,False,,False,,,,,,,False,,,False,,,,,,,,,
e122da01c7ee913a,bd91ddc659b14b05,2025-11-17 13:45:04.017000,2025-11-24 09:11:21.732000,2025-11-27 13:54:57.287000,Germany,3000000.0,0.00032,0.0,,,,H0,,False,,False,,,,,,,False,,,False,,,,,,,,,
77345c0d47b20aed,a9ff3271b6063037,2025-09-15 07:27:04.405000,2025-11-23 19:01:05.353000,2025-11-27 15:25:59.855000,Germany,3000000.0,0.00039,0.03,,,,H0,,False,,False,,,,,,,False,,,False,,,,,,,,,
66a6109308f8ada5,172aeb0531c1812a,,2025-11-29 10:00:57.427000,2025-11-28 00:00:00,Germany,3000000.0,0.00038,0.03,0.00024,,,H0,,False,,False,,,,,,,False,,,False,,Heatpump,,,5000.0,17500000.0,,,
1d4144c2eab577e8,142c43274238dc39,2025-11-07 10:49:47.392000,2025-11-13 11:56:07.305000,2025-11-28 10:38:12.638000,Germany,6600000.0,0.00033,0.03,0.0002,,,H0,,False,,False,,,,,,,False,,,False,,Heatpump,,,4500.0,15750000.0,,,
0b8fae7104e3681c,fc2b3e90a01be4ae,,2025-11-26 14:21:42.497000,2025-11-28 11:04:07.353000,Germany,4500000.0,0.00039,0.03,,,,H0,,False,,False,,,,,,,True,10000.0,2025,False,,,,,,,,,
f78e1c971f88d56f,32882ae42fb66b3b,2025-10-21 07:20:29.851000,2025-10-31 19:54:54.197000,2025-11-28 11:22:43.938000,Germany,3000000.0,0.00039,0.03,,,,H0,,False,,False,,,,,,,False,,,False,,,,,,,,,
dca4b8534f19a224,2512657989196dd6,2025-10-08 07:23:35.773000,2025-10-28 19:11:02.526000,2025-11-28 12:05:41.510000,Germany,7600000.0,0.00035,0.03,0.0002,,,H0,,False,,False,,,,,,,False,,,False,,,,,,,,,
537fcdf5000d2349,4f351612768a9ea1,2025-10-23 07:10:33.204000,2025-11-20 15:51:36.670000,2025-11-28 14:13:21.633000,Germany,3000000.0,0.00032,0.04,0.0002,,,H0,,False,,False,,,,,,,False,,,False,,,,,,,,,
eb73436500591600,cc777e3e0fc6bf05,2025-10-21 11:50:29.132000,2025-10-30 16:48:51.835000,2025-12-01 15:42:53.707000,Germany,4400000.0,0.0003,0.03,,,,H0,,False,,False,,,,,,,False,,,False,,,,,,,,,
04047da6a7391caf,3799c509c7ca0425,2025-11-04 15:09:11.802000,2025-11-14 12:22:35.070000,2025-12-02 13:41:56.309000,Germany,4500000.0,0.00039,0.03,,,,H0,,False,,False,,,,,,,False,,,False,,,,,,,,,
25a75d0f083cff78,e36ba9f9d9ad4bcc,2025-09-10 15:53:05.831000,2025-10-17 16:17:39.806000,2025-12-02 14:36:46.023000,Germany,3500000.0,0.00038,0.05,,,,H0,,False,,False,,,,,,,False,,,False,,,,,,,,,
80d7e9d8c8169b74,2d800858699d9e52,2025-10-13 15:44:01.065000,2025-11-14 10:40:39.960000,2025-12-02 14:54:58.017000,Germany,4500000.0,0.00044,0.06,,,,H0,,False,,False,,,,,,,False,,,False,,,,,,,,,
97636e058230a021,9ade5c900b62af83,2025-10-08 09:03:25.147000,2025-10-30 13:27:52.161000,2025-12-02 15:19:10.551000,Germany,3500000.0,0.00036,0.05,0.00023,,,FamilyOfFour,,False,,False,,,,,,,False,,,False,,,,,,,,,
f00bb0304fcb3748,8c717a5bd5414313,,2025-11-26 09:58:23.573000,2025-12-04 00:00:00,Germany,4500000.0,0.0003,0.03,0.00024,,,H0,,False,,False,,,,,,,False,,,False,,Heatpump,,,3500.0,12250000.0,,,
7186b150f11f8a02,ad5ce1748e470ef8,,2025-06-20 07:47:55.529000,2025-12-04 00:00:00,Germany,6000000.0,0.00035,0.03,0.00024,,,H0,,True,10000,False,,,,,,,False,,,False,,Heatpump,,,8000.0,28000000.0,,,
fc71a8cac7147e10,fc5b6f6d14046750,,2025-06-20 07:27:08.859000,2025-12-05 10:15:25.001000,Germany,3000000.0,0.00035,0.03,0.00024,,,H0,,False,,False,,,,,,,False,,,False,,Heatpump,,,5000.0,17500000.0,,,
b3ff4298a3219deb,fd79ac581cbb1e22,2025-10-30 15:50:11.753000,2025-11-12 09:22:21.832000,2025-12-05 12:02:09.046000,Germany,6000000.0,0.00035,0.03,0.0002,,,H0,,False,,False,,,,,,,False,,,False,,,,,,,,,
f36a9ecd18e16587,af151e2ab08387a3,2025-10-20 07:30:07.680000,2025-10-23 13:02:10.328000,2025-12-05 13:06:31.356000,Germany,6500000.0,0.00039,0.03,,,,H0,,False,,False,,,,,,,False,,,False,,,,,,,,,
0cd9424e134c70c9,10d8dad799cf3981,,2025-09-11 12:38:42.944000,2025-12-05 13:58:05.580000,Germany,4500000.0,0.00039,0.03,,,,H0,,False,,False,,,,,,,False,,,False,,,,,,,,,
6a97a5ae5d58867c,2952de4ff9f2b5eb,2025-11-17 16:07:45.486000,2025-11-19 12:07:39.116000,2025-12-08 08:04:46.345000,Germany,4500000.0,0.00039,0.03,,,,H0,,False,,False,,,,,,,False,,,False,,,,,,,,,
a040ce10d9cf9752,a32ddac521990176,2025-10-26 16:39:36.656000,2025-10-27 08:30:53.542000,2025-12-08 09:35:04.872000,Germany,3800000.0,0.00039,0.03,,,,H0,,False,,False,,,,,,,False,,,False,,,,,,,,,
28cf1b340a1464a0,4e8b3418f6217c0f,2025-11-03 12:30:36.859000,2025-11-14 10:20:37.634000,2025-12-08 11:32:56.619000,Germany,6500000.0,0.00039,0.03,,,,H0,,False,,False,,,,,,,False,,,False,,,,,,,,,
1569976524bf1be0,5e1174fea1ed33ea,,2025-10-30 07:51:22.105000,2025-12-08 12:06:29.391000,Germany,7000000.0,0.00035,0.03,0.0002,,,H0,,False,,False,,,,,,,False,,,False,,,,,,,,,
9fcf9a0f55c28d77,636d14b641857355,2025-11-10 13:23:24.238000,2025-11-21 09:45:56.004000,2025-12-08 12:37:39.201000,Germany,20000000.0,0.0004,0.04,,,,H0,,False,,False,,,,,,,False,,,False,,,,,,,,,
26c3e714a85f0af7,3dbedc6fb6c7e6a2,2025-07-28 08:05:50.667000,2025-09-13 15:08:42.769000,2025-12-08 14:01:28.138000,Germany,6000000.0,0.00035,0.04,,,,FamilyOfFour,,False,,False,,,,,,,False,,,False,,,,,,,,,
3e7e43e7f0d22790,0010a3afc54a9899,2025-11-14 14:19:38.335000,2025-11-14 14:22:24.789000,2025-12-08 15:40:07.554000,Germany,4030000.0,0.00032,0.03,0.00022,,,H0,,False,,False,,,,,,,False,,,False,,,,,,,,,
1603f9728410f151,7cdee3e8be1834ea,2025-11-11 15:23:58.439000,2025-11-19 08:39:07.959000,2025-12-09 13:00:13.435000,Germany,8500000.0,0.00039,0.04,,,,H0,,False,,False,,,,,,,False,,,False,,,,,,,,,
fff7bf60fd0fe8e7,adf2a61d5830b520,2025-11-12 17:48:01.758000,2025-11-12 17:51:31.522000,2025-12-09 16:07:53.782000,Germany,2700000.0,0.00035,0.03,,,,H0,,False,,False,,,,,,,False,,,False,,,,,,,,,
77cdecbdd4106c8b,ee6aef35d00f5e37,,2025-12-10 07:33:11.699000,2025-12-10 00:00:00,Germany,8000000.0,0.00035,0.03,0.00024,,,H0,,False,,False,,,,,,,False,,,False,,,,,,,,,
0c8968e6e93f0efa,780c46232dc8eed2,2025-11-03 17:01:09.285000,2025-11-13 10:37:37.465000,2025-12-10 11:16:43.310000,Germany,9500000.0,0.00039,0.03,0.00022,,,H0,,False,,False,,,,,,,False,,,False,,,,,,,,,
211df73606c89289,ad7bb7b500219bf9,2025-09-04 09:19:24.164000,2025-10-01 14:37:15.745000,2025-12-10 11:55:54.412000,Germany,9000000.0,0.00039,0.03,,,,H0,,False,,False,,,,,,,False,,,False,,,,,,,,,
06325f43dac1ee21,9f18740a117e28d4,2025-11-05 12:02:18.929000,2025-11-11 14:12:32.188000,2025-12-10 15:16:31.307000,Germany,4000000.0,0.00035,0.03,0.0002,,,H0,,False,,False,,,,,,,False,,,False,,,,,,,,,
a9877e5a9382419d,16cf2dba0fde277e,2025-11-07 08:01:03.870000,2025-11-26 00:09:25.431000,2025-12-11 09:25:20.986000,Germany,5000000.0,0.00036,0.04,,,,H0,,False,,False,,,,,,,False,,,False,,,,,,,,,
6928a3842726656b,96fb796e8ba68598,2025-10-13 10:36:13.322000,2025-10-17 14:39:32.512000,2025-12-11 09:43:02.818000,Germany,4000000.0,0.00034,0.03,,,,H0,,False,,False,,,,,,,False,,,False,,,,,,,,,
c5558725267832b1,447d0865602d9bd7,,2025-10-13 11:06:18.018000,2025-12-11 09:59:52.829000,Germany,4500000.0,0.00039,0.03,,,,H0,,False,,False,,,,,,,False,,,False,,,,,,,,,
e79a9804dcc8574c,f3012152de69f85a,2025-11-17 07:59:09.365000,2025-12-02 14:50:51.461000,2025-12-11 18:42:12.760000,Germany,8000000.0,0.00036,0.05,0.00024,,,FamilyOfFour,,False,,False,,,,,,,False,,,False,,,,,,,,,
98284484157ed2e2,dfe388604debbeda,2025-11-13 11:49:49.862000,2025-11-21 18:26:41.706000,2025-12-12 10:55:57.440000,Germany,3000000.0,0.00035,0.05,0.00024,,,FamilyOfFour,,False,,False,,,,,,,False,,,False,,,,,,,,,
27290fc53b48c6d4,7ebe0a25648393c4,2025-09-15 07:25:44.801000,2025-09-27 11:22:10.641000,2025-12-15 09:19:19.675000,Germany,12000000.0,0.00034,0.04,0.00022,,,H0,,False,,False,,,,,,,False,,,False,,,,,,,,,
19e58e68b7a6ae5f,bc18bd658d52d5c0,2025-11-26 15:45:04.869000,2025-11-26 15:46:17.422000,2025-12-15 13:29:56.409000,Germany,4500000.0,0.00039,0.03,,,,H0,,False,,False,,,,,,,False,,,False,,,,,,,,,
ed2a2852b6da813b,4359f98b0e4c9eac,,2025-12-02 14:52:43.106000,2025-12-15 13:47:59.613000,Germany,4500000.0,0.00039,0.03,0.00022,,,H0,,False,,False,,,,,,,False,,,False,,,,,,,,,
f65cb37c9ae38f14,c7fc3e9a73ea1296,2025-07-10 06:21:54.873000,2025-11-15 14:54:10.031000,2025-12-15 15:05:19.650000,Germany,5500000.0,0.0003,0.03,0.00024,,,H0,,False,,False,,,,,,,False,,,False,,Heatpump,,,6000.0,21000000.0,,,
ff391c021d62bfea,c7a328092dffa98c,2025-10-22 08:38:58.256000,2025-11-03 15:01:50.672000,2025-12-15 15:39:13.425000,Germany,7700000.0,0.0003,0.03,,,,H0,,False,,False,,,,,,,True,10000.0,2025,False,,,,,,,,,
779e2ab89d93b5c1,4e02db921dee350d,,2025-12-01 20:24:28.754000,2025-12-16 05:52:31.779000,Germany,4500000.0,0.00039,0.03,,,,H0,,False,,False,,,,,,,False,,,False,,,,,,,,,
ff5cc57713ede655,c65c7a0e45075507,2025-10-09 08:03:17.651000,2025-11-03 14:14:47.255000,2025-12-16 13:41:54.455000,Germany,3000000.0,0.00039,0.03,,,,H0,,False,,False,,,,,,,False,,,False,,,,,,,,,
358d849e87df06ba,6a124ef622e8a75a,,2025-07-18 19:47:38.964000,2025-12-17 08:39:23.424000,Germany,4500000.0,0.00039,0.03,,,,H0,,False,,False,,,,,,,False,,,False,,,,,,,,,
d34146fbd6353380,de1cc36cd98783e7,2025-09-09 07:10:26.451000,2025-11-11 10:06:42.175000,2025-12-17 09:57:03.907000,Germany,3000000.0,0.00039,0.03,,,,H0,,False,,False,,,,,,,False,,,False,,,,,,,,,
9b9ea293c6d5cd4f,a68e33cd90ad20b2,2025-11-25 20:12:10.944000,2025-11-25 20:12:30.469000,2025-12-17 10:32:21.046000,Germany,13000000.0,0.00035,0.04,0.0002,,,H0,,False,,False,,,,,,,False,,,False,,,,,,,,,
aad1aee12456db4d,8ca47d121761ff1d,2025-11-24 16:43:13.087000,2025-11-24 16:43:21.044000,2025-12-17 13:15:29.624000,Germany,6500000.0,0.00034,0.04,0.0002,,,H0,,False,,False,,,,,,,False,,,False,,,,,,,,,
07bbb2afa31534f8,fc882c8d2e88dcc3,2025-12-02 11:39:17.510000,2025-12-15 17:24:48.840000,2025-12-17 21:54:51.210000,Germany,3000000.0,0.00033,0.03,0.00024,,,H0,,False,,False,,,,,,,False,,,False,,Heatpump,,,5000.0,17500000.0,,,
8bdea0083f6fbe96,ea0cbf0c15032800,2025-11-14 18:12:03.243000,2025-11-20 14:58:51.800000,2025-12-18 10:42:51.710000,Germany,15000000.0,0.00039,0.04,,,,H0,,False,,False,,,,,,,False,,,False,,,,,,,,,
44cff3b2f6ae0998,2710ea1a1f49e06a,2025-11-17 14:04:23.565000,2025-12-16 21:44:53.078000,2025-12-18 13:22:20.893000,Germany,4500000.0,0.00039,0.03,,,,H0,,False,,False,,,,,,,False,,,False,,,,,,,,,
01bbbfc841da7640,275bf8076503e579,2025-12-12 14:57:07.014000,2025-12-12 15:00:14.747000,2025-12-18 20:31:48.631000,Germany,4500000.0,0.00039,0.03,,,,H0,,False,,False,,,,,,,False,,,False,,,,,,,,,
3f50fb3073977cd1,1bf3ecb5fbd6a24f,,2025-12-03 09:36:57.476000,2025-12-19 00:00:00,Germany,4500000.0,0.00035,0.03,0.00024,,,H0,,True,12000,False,,,,,6e-05,0.0,False,,,False,,,,,,,,,
8c903912e74c56a4,11ff2c164e92d870,,2025-10-31 14:17:10.544000,2025-12-19 00:00:00,Germany,4500000.0,0.00035,0.03,,,,H0,,False,,False,,,,,,,True,10000.0,2025,False,,,,,,,,,
e35f0322ba99ab62,3e474fdeda4fe11d,,2025-12-08 19:06:42.230000,2025-12-19 00:00:00,Germany,4500000.0,0.00035,0.03,0.00024,,,H0,,False,,False,,,,,,,False,,,False,,Heatpump,,,4000.0,14000000.0,,,
920fff8f9a0d1844,96bec61554c6a446,2025-12-10 09:14:55.814000,2025-12-12 09:52:04.872000,2025-12-19 08:08:16.154000,Germany,3000000.0,0.00039,0.03,,,,H0,,False,,False,,,,,,,False,,,False,,,,,,,,,
4fbe7582885fafbb,ed00cd4e8cdbf61c,2025-11-21 15:50:14.011000,2025-11-21 15:50:23.264000,2025-12-19 08:28:53.906000,Germany,2300000.0,0.00029,0.04,0.0002,,,H0,,False,,False,,,,,,,False,,,False,,Heatpump,,,6500.0,22750000.0,,,
d8702db19dc4fd1c,6c303a3b16d68003,,2025-12-09 10:28:12.421000,2025-12-19 08:46:03.845000,Germany,9000000.0,0.00036,0.03,0.0002,,,H0,,False,,False,,,,,,,False,,,False,,,,,,,,,
2f99cabddf7de10a,fad47fa854971cee,2025-10-02 13:30:16.639000,2025-11-11 10:52:52.613000,2025-12-19 11:53:19.382000,Germany,3795000.0,0.00042,0.02,,,,H0,,False,,False,,,,,,,False,,,False,,,,,,,,,
901950b7a948a5e0,08463ebf50abbb6f,2025-11-17 13:45:03.984000,2025-12-08 09:21:41.251000,2025-12-19 12:39:14.309000,Germany,4500000.0,0.00029,0.04,0.0002,,,H0,,True,10000,False,,,,,,,False,,2025,False,,,,,,,,,
2135f8d55f7ad55b,303a822b160395c2,,,2025-12-22 09:59:07.740000,Germany,4500000.0,0.00039,0.03,,,,H0,,False,,False,,,,,,,False,,,False,,,,,,,,,
cf0b0bacce015392,ef7338fdad6179d2,2025-11-28 11:19:24.065000,2025-12-10 15:20:59.847000,2025-12-30 00:00:00,Germany,3000000.0,0.00028,0.03,0.00025,,,H0,,False,,False,,,,,,,False,,,False,,,,,,,,,
cdaaf26b8ff66f96,dc697cd204387564,2025-11-17 07:59:09.400000,2025-11-20 16:51:45.040000,2025-12-31 14:02:56.285000,Germany,3500000.0,0.0003,0.05,0.00024,,,SeniorOnePerson,,False,,False,,,,,,,False,,,False,,,,,,,,,
e51b38361900877c,accae9d9fac1e2ed,2025-11-25 10:28:40.834000,2025-11-25 10:29:38.307000,2026-01-02 11:30:03.885000,Germany,5500000.0,0.0004,0.02,0.0002,,,H0,,False,,False,,,,,,,False,,,False,,,,,,,,,
1b52d567ce38eec5,4557afdea2953f9b,2025-11-03 08:02:47.079000,2025-11-24 15:25:30.670000,2026-01-12 11:14:25.487000,Germany,3000000.0,0.00039,0.03,,,,H0,,False,,False,,,,,,,False,,,False,,,,,,,,,
a06d4a6ab7183f33,f41ecb8b0b48b8dd,2025-10-27 15:39:42.524000,2026-01-02 19:42:20.619000,2026-01-12 19:40:39.605000,Germany,5000000.0,0.00039,0.02,0.0002,,,H0,,False,,False,,,,,,,False,,,False,,Heatpump,,,4000.0,14000000.0,,,
8947ff58aa1dd9fe,c27fe3b513eacf0b,2025-11-11 10:43:48.696000,2025-11-13 13:28:32.695000,2026-01-13 14:10:36.610000,Germany,7000000.0,0.00027,0.03,,,,H0,,False,,False,,,,,,,False,,2025,False,,,,,,,,,
1564bb46848096dc,4feaa8a651cc5593,2025-11-13 23:10:09.940000,2025-11-13 23:12:24.241000,2026-01-14 12:11:40.036000,Germany,5000000.0,0.00032,0.04,,,,H0,,False,,False,,,,,,,False,,,False,,,,,,,,,
41281d7f59d5f737,2b5952fe3829db38,2025-12-22 17:03:55.575000,2025-12-22 17:09:41.502000,2026-01-14 12:48:37.248000,Germany,4500000.0,0.00039,0.03,,,,H0,,False,,False,,,,,,,False,,,False,,,,,,,,,
832c33ffeb8e6016,b31219851f05f14d,2025-11-17 13:45:04.026000,2025-11-28 14:51:10.445000,2026-01-14 13:03:35.834000,Germany,3000000.0,0.00032,0.0,0.00025,,,H0,,False,,False,,,,,,,False,,,False,,,,,,,,,
0f84ec4e854b96df,d652d3d577620769,,2025-12-15 11:04:51.806000,2026-01-14 13:15:09.891000,Germany,4000000.0,0.00034,0.03,0.0002,,,H0,,False,,False,,,,,,,False,,,False,,,,,,,,,
228f45ecefa0343a,7fb5ca8ba1976b90,2026-01-06 07:30:58.172000,2026-01-13 13:00:05.158000,2026-01-16 20:23:41.700000,Germany,3600000.0,0.00039,0.05,0.0002,,,H0,,True,12000,False,,,,,,,False,,,False,,,,,,,,,
148900c652d2a8b6,cd77646119b93554,,2025-07-17 12:29:02.115000,2026-01-19 07:56:02.055000,Germany,4500000.0,0.00039,0.03,,,,H0,,False,,False,,,,,,,False,,,False,,,,,,,,,
19466c044ca53c4b,ed5db68cb9a39205,2025-11-05 13:01:27.393000,2025-11-05 13:01:44.904000,2026-01-19 13:51:07.109000,Germany,4500000.0,0.00039,0.03,,,,H0,,False,,False,,,,,,,False,,,False,,,,,,,,,
88722e701c3783a8,f860a8ce582c93d8,2025-12-01 13:57:50.803000,2025-12-17 13:12:14.495000,2026-01-19 15:09:08.917000,Germany,4000000.0,0.00039,0.03,,,,H0,,False,,False,,,,,,,False,,,False,,,,,,,,,
678933f469f59cdf,5cc643406c28e9ed,,2025-10-06 11:31:36.881000,2026-01-20 07:11:05.149000,Germany,4500000.0,0.00039,0.03,,,,H0,,False,,False,,,,,,,False,,,False,,,,,,,,,
dcea75b63a49e8e8,c5e54a98cd42a40a,2025-12-12 10:33:54.093000,2025-12-12 10:34:31.345000,2026-01-20 07:35:41.160000,Germany,4700000.0,0.00034,0.04,,,,H0,,False,,False,,,,,,,False,,,False,,Heatpump,,,3750.0,13125000.0,,,
cbe4d8fdd4706011,c15bb81024a127ca,,2025-12-04 17:49:24.786000,2026-01-20 11:59:08.749000,Germany,4500000.0,0.00039,0.03,,,,H0,,False,,False,,,,,,,False,,,False,,,,,,,,,
c1dfb42acac58abd,da39978fa913f55d,2025-12-09 15:19:08.686000,2026-01-13 14:58:41.188000,2026-01-20 14:21:52.204000,Germany,4000000.0,0.00039,0.03,,,,H0,,False,,False,,,,,,,False,,,False,,,,,,,,,
208c0f7e7df62014,c74c61bdb3278d11,,2025-12-03 15:40:35.939000,2026-01-20 15:24:28.461000,Germany,4500000.0,0.00039,0.03,,,,H0,,False,,False,,,,,,,False,,,False,,,,,,,,,
2271c5341b33ee70,a0a745ec50158464,2025-11-19 08:07:25.239000,2025-12-09 16:39:45.587000,2026-01-22 14:20:37.680000,Germany,7000000.0,0.00033,0.03,0.00022,,,H0,,False,,False,,,,,,,False,,,False,,,,,,,,,
19c2a82526becc51,0794874d80922598,2025-12-09 08:11:36.958000,2025-12-12 12:24:05.747000,2026-01-22 14:46:37.917000,Germany,3000000.0,0.0003,0.03,,,,H0,,True,15000,False,,,,,,,False,,,False,,,,,,,,,
b76127eb133098a1,aa3e5401de4e5075,2026-01-07 13:49:46.730000,2026-01-07 13:49:56.196000,2026-01-22 14:59:20.175000,Germany,1750000.0,0.0004,0.04,0.0002,,,H0,,False,,False,,,,,,,False,,,False,,,,,,,,,
79c8c9e81f595a63,24c7d9a98acd3a57,,2026-01-21 09:32:14.632000,2026-01-23 09:48:22.421000,Germany,4500000.0,0.00039,0.03,,,,H0,,False,,False,,,,,,,False,,,False,,,,,,,,,
309a417dd8ffefe7,7f3bf4e3c08742d5,2025-12-06 10:58:42.858000,2025-12-06 10:58:57.100000,2026-01-23 12:09:37.310000,Germany,4500000.0,0.00036,0.04,0.0002,,,H0,,False,,False,,,,,,,False,,2025,False,,,,,,,,,
e2e3f82b50381ecd,212af4620ce05ed1,2026-01-08 08:25:02.899000,2026-01-08 08:25:11.960000,2026-01-23 12:43:03.404000,Germany,4200000.0,0.00038,0.04,0.0002,,,H0,,False,,False,,,,,,,False,,,False,,,,,,,,,
2110263104cd63a2,0e9fde53d2ed2832,2026-01-06 07:30:58.172000,2026-01-09 16:20:47.237000,2026-01-23 19:56:56.941000,Germany,4600000.0,0.00033,0.04,0.0002,,,H0,,True,25000,False,,,,,,,False,,,False,,,,,,,,,
af8f4e63de78851a,965f5f9a8b87a61a,,2026-01-28 12:21:31.876000,2026-01-28 21:41:12.270000,Germany,8000000.0,0.00039,0.03,,,,H0,,False,,False,,,,,,,False,,,False,,,,,,,,,
e953071f603c860c,3b7fa87050698352,2026-01-19 16:41:23.185000,2026-01-19 16:41:49.460000,2026-01-31 00:00:00,Germany,4900000.0,0.00038,0.04,0.0002,,,H0,,False,,False,,,,,,,False,,,False,,,,,,,,,
ba7ed4c885c0b38f,31a9e2de18e5b067,2025-10-14 12:12:47.401000,2026-01-19 11:05:07.892000,2026-02-02 00:00:00,Germany,3500000.0,0.00039,0.03,,,,H0,,False,,False,,,,,,,False,,,False,,Heatpump,,,7000.0,24500000.0,,,
c45226dd77163747,d8ac50cdc3dcf186,2026-01-20 09:17:18.597000,2026-01-28 13:10:24.401000,2026-02-03 12:00:03.847000,Germany,3500000.0,0.00027,0.03,,,,H0,,False,,False,,,,,,,False,,,False,,,,,,,,,
c3729979b5afabc9,a284997fa2ef425c,2026-01-05 10:54:40.794000,2026-02-03 13:46:27.767000,2026-02-03 13:47:51.731000,Germany,5500000.0,0.00035,0.04,0.00018,,,H0,,False,,False,,,,,,,False,,,False,,,,,,,,,
bec56646caa826bb,9999b53562a139af,2025-12-17 08:32:19.913000,2026-01-08 13:58:43.634000,2026-02-03 14:28:23.679000,Germany,11000000.0,0.00035,0.03,,,,H0,,False,,False,,,,,,,False,,,False,,,,,,,,,
cdad5fcd5dcc4ddc,2dc197a88edbe213,2025-12-06 12:59:24.018000,2025-12-06 12:59:47.760000,2026-02-05 09:03:54.603000,Germany,3500000.0,0.00039,0.04,0.0002,,,H0,,False,,False,,,,,,,False,,,False,,,,,,,,,
81c0d1395da10756,85f9b3eb466a47aa,2025-12-08 11:00:21.497000,2025-12-23 11:05:00.728000,2026-02-05 09:31:25.779000,Germany,6000000.0,0.0003,0.03,,,,H0,,False,,False,,,,,,,False,,,False,,,,,,,,,
fdf4a9770c865564,89c3c217429586bb,,2026-01-25 19:52:55.810000,2026-02-05 09:59:51.072000,Germany,4500000.0,0.00039,0.03,,,,H0,,False,,False,,,,,,,False,,,False,,,,,,,,,
5b49981998ea4ad8,07913dfad1dcfd48,2025-12-08 11:00:21.520000,2025-12-29 11:07:28.092000,2026-02-05 10:23:29.186000,Germany,3000000.0,0.00039,0.03,,,,H0,,False,,False,,,,,,,False,,,False,,,,,,,,,
0de9dc9998505380,3f1413b88cc8ae53,2026-01-06 07:30:58.172000,2026-01-21 14:34:59.411000,2026-02-05 11:10:11.671000,Germany,5000000.0,0.00032,0.0,,,,H0,,False,,False,,,,,,,False,,,False,,,,,,,,,
a3f312dc0590f413,759e08d15cacdb81,2026-01-21 13:52:40.321000,2026-01-21 13:52:48.396000,2026-02-05 11:34:53.437000,Germany,4500000.0,0.00039,0.03,,,,H0,,False,,False,,,,,,,False,,,False,,,,,,,,,
efe63bdce4c15682,ac94e013b4c89f26,2025-10-08 13:51:44.212000,2025-10-08 13:51:52.218000,2026-02-05 13:21:15.691000,Germany,4500000.0,0.00039,0.03,,,,H0,,False,,False,,,,,,,False,,,False,,,,,,,,,
449f53ce0e06b3f7,13d856abcc6134c7,2026-01-07 11:00:12.961000,2026-01-26 18:24:41.164000,2026-02-10 06:15:34.926000,Germany,5000000.0,0.00034,0.03,0.0002,,,FamilyOfFour,,True,30000,False,,,,,,,False,,,False,,,,,,,,,
ed53837ff7d004e8,edca0fa71215cc30,2026-01-26 14:17:16.950000,2026-01-26 14:17:46.360000,2026-02-10 07:42:16.015000,Germany,1950000.0,0.00034,0.06,,,,H0,,False,,False,,,,,,,False,,,False,,,,,,,,,
cf96d35b0a2d3fbe,305f9928c7613f40,2026-01-28 07:52:08.005000,2026-01-29 11:35:05.934000,2026-02-10 11:09:30.618000,Germany,3000000.0,0.00039,0.03,,,,H0,,False,,False,,,,,,,False,,,False,,,,,,,,,
0a35a4a8ac27884d,95a3f591c1b764ba,2026-01-26 15:45:01.010000,2026-01-26 15:45:10.778000,2026-02-10 11:50:37.112000,Germany,6170000.0,0.00034,0.04,0.0002,,,H0,,False,,False,,,,,,,False,,,False,,,,,,,,,
f6691f97be60d52f,432a641060e669eb,2026-01-30 20:49:56.857000,2026-01-30 20:50:28.620000,2026-02-10 19:35:01.378000,Germany,3500000.0,0.00029,0.03,0.0002,,,H0,,False,,False,,,,,,,False,,,False,,,,,,,,,
dd847d6038d668fc,0406eeab29968a80,2026-02-02 07:41:57.101000,2026-02-04 20:23:57.171000,2026-02-12 00:00:00,Germany,2800000.0,0.00031,0.04,0.00022,,,H0,,False,,False,,,,,,,False,,,False,,,,,,,,,
6e1bd42a3a7fef9d,ab348aaf467aa904,2026-01-26 10:27:46.866000,2026-02-04 20:19:21.816000,2026-02-12 00:00:00,Germany,3500000.0,0.00029,0.04,0.00022,,,H0,,False,,False,,,,,,,False,,,False,,,,,,,,,
b9ccfbdf404f8ef7,c13329d2a1d52185,2026-01-05 10:54:31.681000,2026-01-13 11:17:18.587000,2026-02-13 07:10:38.278000,Germany,6000000.0,0.00038,0.03,,,,H0,,False,,False,,,,,,,False,,,False,,,,,,,,,
76bda0ae39affbf8,e362411f067e7a6d,2026-01-05 07:50:40.993000,2026-01-15 14:51:02.073000,2026-02-13 09:35:44.508000,Germany,2500000.0,0.00039,0.03,,,,H0,,False,,False,,,,,,,False,,,False,,,,,,,,,
8fa93de02a3199bd,647fbf87be142b33,2025-09-15 07:25:33.482000,2025-09-30 12:20:14.218000,2026-02-14 13:27:25.456000,Germany,6000000.0,0.00029,0.03,0.00025,,,H0,,True,18000,False,,,,,,,False,,,False,,,,,,,,,
71d78f5e0cbb3e78,a5bd7b5955b02506,2026-01-16 06:34:23.024000,2026-01-26 21:54:23.258000,2026-02-16 11:09:27.536000,Germany,5000000.0,0.00026,0.04,0.0002,,,H0,,False,,False,,,,,,,False,,,False,,Heatpump,,,7500.0,26250000.0,,,
9fc1246872002cd8,79b9d9493c3bc7e8,,2026-01-02 16:23:54.011000,2026-02-16 11:30:33.367000,Germany,4500000.0,0.00034,0.05,0.00023,,,H0,,False,,False,,,,,,,False,,,False,,,,,,,,,
85b9acacb7ed6386,c951747ef278a1bd,2025-12-04 08:31:26.178000,2025-12-18 14:53:48.560000,2026-02-17 07:42:19.032000,Germany,5000000.0,0.0003,0.04,0.00022,,,H0,,False,,False,,,,,,,False,,,False,,,,,,,,,
4c58226330fd81a1,4c93bdf5bfbecd69,2026-01-06 07:30:58.171000,2026-01-26 20:34:14.998000,2026-02-17 09:14:15.546000,Germany,5000000.0,0.0004,0.03,0.0002,,,H0,,False,,False,,,,,,,False,,,False,,,,,,,,,
4d5025e2f96f9f23,0f8f9f93a56d054a,2025-10-22 08:39:09.608000,2025-11-10 11:05:31.069000,2026-02-19 06:37:50.194000,Germany,4500000.0,0.00039,0.03,,,,H0,,False,,False,,,,,,,False,,,False,,,,,,,,,
3b28eb4bbde09195,b7a54c1c3e3d46ed,2026-02-10 09:18:55.697000,2026-02-13 09:38:47.082000,2026-02-19 13:36:07.784000,Germany,2500000.0,0.00024,0.0,,,,H0,,False,,False,,,,,,,False,,,False,,Heatpump,0.9600000000000001,,4000.0,14000000.0,,,
27551630a587483d,32a351b5c5956e30,,2026-02-19 08:55:56.133000,2026-02-19 19:08:50.311000,Germany,4500000.0,0.00039,0.03,,,,H0,,False,,False,,,,,,,False,,,False,,,,,,,,,
384fdd6d984c8ea4,96e5b29454fb139c,2025-12-19 08:23:38.057000,2026-01-12 08:29:58.276000,2026-02-20 07:32:49.501000,Germany,13000000.0,0.00039,0.03,,,,H0,,False,,False,,,,,,,False,,,False,,,,,,,,,
5ec7964718265233,9a33ba4b48c2bfd9,2026-02-03 08:57:06.992000,2026-02-09 17:52:54.072000,2026-02-20 22:05:29.012000,Germany,7000000.0,0.00035,0.03,0.0002,,,H0,,False,,False,,,,,,,False,,,False,,,,,,,,,
7cde723af2e7dbc6,979e128dc5f1fe20,2025-08-25 07:10:19.084000,2025-08-29 10:53:00.488000,2026-02-23 09:29:57.707000,Germany,5000000.0,0.00039,0.03,,,,H0,,False,,False,,,,,,,False,,,False,,,,,,,,,
64e17069f1ce759e,1ff7fefc14f77b8e,2026-02-03 16:35:19.733000,2026-02-03 16:35:30.573000,2026-02-24 05:48:56.508000,Germany,4500000.0,0.00039,0.03,,,,H0,,False,,False,,,,,,,False,,,False,,,,,,,,,
dfd1b68112f70bf6,2c64cd505f9a0057,2026-01-28 07:52:08.007000,2026-02-09 13:12:53.684000,2026-02-24 06:27:32.985000,Germany,5500000.0,0.00032,0.03,,,,H0,,False,,False,,,,,,,False,,,False,,,,,,,,,
161078ae162b0004,e9bb2cc03681c464,2025-12-05 15:28:44.237000,2025-12-05 15:28:50.263000,2026-02-24 06:57:49.742000,Germany,4000000.0,0.00035,0.04,0.0002,,,H0,,False,,False,,,,,,,False,,,False,,Heatpump,,,4000.0,14000000.0,,,
f7e5caf328d3c431,4aba32cb7332bb1c,,2026-01-29 13:40:58.846000,2026-02-24 07:32:36.575000,Germany,4500000.0,0.00039,0.03,,,,H0,,True,10000,False,,,,,,,False,,,False,,,,,,,,,
05649a3245afaa90,125deef33ada56db,2026-01-07 07:34:09.386000,2026-01-14 07:29:01.743000,2026-02-24 07:54:23.288000,Germany,4500000.0,0.00039,0.03,0.0002,,,H0,,False,,False,,,,,,,False,,,False,,Heatpump,,,4500.0,15750000.0,,,
d2049aef8b0e243f,c00238c0d1a4a024,2026-01-26 10:27:46.855000,2026-02-03 11:58:27.522000,2026-02-24 08:47:39.899000,Germany,9800000.0,0.0003,0.04,,,,H0,,False,,False,,,,,,,False,,,False,,,,,,,,,
8163f7594435fed2,139bb3212f59b35b,2025-09-29 08:53:15.581000,2025-10-26 13:37:45.038000,2026-02-24 12:48:07.485000,Germany,3000000.0,0.00039,0.03,,,,H0,,False,,False,,,,,,,False,,,False,,,,,,,,,
331abb8c45871cdd,ea9b38b2ac3e605b,2025-12-01 11:43:09.058000,2025-12-17 18:18:21.754000,2026-02-24 13:20:57.781000,Germany,5000000.0,0.00062,0.03,,,,H0,,False,,False,,,,,,,False,,,False,,,,,,,,,
851b17b1a07635ba,fb1afde1c0428a7f,2025-07-25 06:25:57.944000,2026-02-17 08:09:41.040000,2026-02-24 14:57:16.013000,Germany,3000000.0,0.00039,0.03,,,,H0,,False,,False,,,,,,,False,,,False,,,,,,,,,
5f600dc6f9678d30,b3abd552c3b1ab09,2026-02-04 15:59:50.652000,2026-02-04 16:01:35.170000,2026-02-24 15:11:41.473000,Germany,2800000.0,0.00038,0.03,,,,H0,,False,,False,,,,,,,False,,,False,,,,,,,,,
3827337243f00a92,23875f4a081595f8,2025-11-27 10:33:31.458000,2025-11-27 10:33:35.343000,2026-02-24 15:27:45.889000,Germany,3500000.0,0.00043,0.04,0.0002,,,H0,,False,,False,,,,,,,False,,,False,,Heatpump,,,4500.0,15750000.0,,,
ae31ef33a323d592,931510524946e53f,,2025-08-23 11:56:48.009000,2026-02-24 16:10:21.843000,Germany,3200000.0,0.00032,0.0,,,,SeniorOnePerson,,False,,False,,,,,,,False,,,False,,Gas,1000.0,,3000.0,7000000.0,115.0,2014,2
378f748382119129,09737140ebe08307,,2026-02-04 09:30:58.352000,2026-02-25 07:08:00.081000,Germany,4500000.0,0.00039,0.03,,,,H0,,False,,False,,,,,,,False,,,False,,,,,,,,,
f90834400388ec1f,890c54d6498da838,2026-02-06 07:18:47.648000,,2026-02-25 09:20:33.630000,Germany,7000000.0,0.00035,0.03,,,,H0,,False,,False,,,,,,,False,,,False,,,,,,,,,
cbf09a690b3fc14d,8b47926b20430d79,2026-01-16 17:27:36.871000,2026-01-16 17:28:06.022000,2026-02-26 15:24:59.930000,Germany,5000000.0,0.00035,0.03,0.0002,,,H0,,False,,False,,,,,,,False,,,False,,Heatpump,,,8000.0,28000000.0,,,
18e2495adde49337,93da87b1d74fa1cd,2025-12-04 15:24:41.894000,2025-12-04 15:24:47.168000,2026-02-27 07:11:21.923000,Germany,4500000.0,0.00039,0.03,,,,H0,,False,,False,,,,,,,False,,,False,,,,,,,,,
53a8db62de5d15ef,b73cb9f537a7407f,2026-01-02 10:24:40.405000,2026-01-15 11:35:24.748000,2026-02-27 16:15:45.656000,Germany,4500000.0,0.00027,0.02,0.0002,,,H0,,False,,False,,,,,,,False,,,False,,Heatpump,,,12000.0,42000000.0,,,
8579f235191e2f89,60027eed337fde8d,,2025-12-09 12:25:46.136000,2026-03-03 13:13:27.401000,Germany,4500000.0,0.00039,0.03,,,,H0,,False,,False,,,,,,,False,,,False,,,,,,,,,
7f392d40bd659787,b915e9e0d563905f,2026-01-30 10:14:00.372000,2026-02-18 13:39:56.569000,2026-03-05 07:40:27.170000,Germany,5000000.0,0.0003,0.04,0.0002,,,H0,,False,,False,,,,,,,False,,,False,,,,,,,,,
5dfd2bbf4e12b127,bd26bcda93c103b4,2026-02-23 17:22:11.670000,2026-03-05 14:04:23.718000,2026-03-07 16:26:35.945000,Germany,3500000.0,0.0003,0.04,0.00022,,,H0,,False,,False,,,,,,,False,,,False,,,,,,,,,
bfd9f4413452aa92,dab0f3063d1b2309,2026-01-27 08:22:36.207000,2026-02-05 15:03:06.061000,2026-03-08 09:08:57.431000,Germany,3000000.0,0.00031,0.03,0.00018,,,SeniorOnePerson,,False,,False,,,,,,,False,,,False,,Heatpump,,,7000.0,24500000.0,,,
ce66cdd040db1274,a54e92193147cd2c,2026-01-13 08:48:02.143000,2026-02-10 11:26:17.735000,2026-03-08 09:17:52.786000,Germany,2000000.0,0.00029,0.03,0.00018,,,SeniorOnePerson,,False,,False,,,,,,,False,,,False,,,,,,,,,
b14fa7412be8ccf5,1481a0e7b9786414,2026-01-26 08:51:17.851000,2026-02-10 16:02:33.480000,2026-03-08 09:45:10.377000,Germany,4500000.0,0.0003,0.04,,,,H0,,False,,False,,,,,,,False,,,False,,,,,,,,,
b801d94772b6eb61,93efb30addaaf188,2026-02-11 16:36:23.744000,2026-02-11 16:36:37.896000,2026-03-08 10:02:14.980000,Germany,2500000.0,0.00028,0.04,0.0002,,,H0,,False,,False,,,,,,,False,,,False,,,,,,,,,
2cbf52bb312b990e,41580e722ace6c96,2026-02-16 15:49:58.073000,2026-02-16 15:50:20.777000,2026-03-08 10:35:51.450000,Germany,10600000.0,0.00024,0.04,0.00015,,,H0,,False,,False,,,,,,,False,,2026,False,,,,,,,,,
6da1f87b116e74b4,0de2cd51e484c5d2,2026-01-12 13:03:41.451000,2026-02-04 16:46:48.683000,2026-03-09 06:44:34.372000,Germany,6500000.0,0.00039,0.03,,,,H0,,False,,False,,,,,,,False,,,False,,,,,,,,,
9d5e93c1378001e0,6b7db085defa9674,2026-02-03 08:56:29.173000,2026-02-12 13:20:19.330000,2026-03-09 15:25:01.423000,Germany,3500000.0,0.00032,0.0,0.00022,,,H0,,False,,False,,,,,,,False,,,False,,,,,,,,,
56172615a0c3a985,3d9fc5a112edc5ff,2025-12-10 09:14:55.817000,2026-01-08 16:30:43.487000,2026-03-09 15:48:33.017000,Germany,3000000.0,0.00032,0.03,,,,H0,,False,,False,,,,,,,False,,,False,,,,,,,,,
10817cae992ab02f,013325f9eb6e5414,2026-01-27 09:29:33.921000,2026-02-01 20:33:40.259000,2026-03-10 06:25:00.891000,Germany,3500000.0,0.00033,0.03,0.00022,,,H0,,False,,False,,,,,,,False,,,False,,,,,,,,,
b90ee8833a1c5d23,4fa166ec3e2c8df9,2026-02-09 16:11:04.195000,2026-02-09 16:11:12.192000,2026-03-10 06:46:22.843000,Germany,1400000.0,0.0004,0.04,0.0002,,,H0,,False,,False,,,,,,,True,5000.0,2026,False,,,,,,,,,
b308e33c7df1b4ca,6793af3bedb2ea06,2026-02-18 10:28:50.483000,,2026-03-10 10:08:07.954000,Germany,3500000.0,0.00033,0.03,,,,H0,,False,,False,,,,,,,False,,,False,,,,,,,,,
1047b67cbd02cffe,830fdf3f38da01f4,2026-02-02 09:49:23.329000,2026-02-19 08:28:26.215000,2026-03-10 10:46:28.076000,Germany,4000000.0,0.00027,0.05,0.00023,,,FamilyOfFour,,False,,False,,,,,,,False,,,False,,,,,,,,,
f5d13764a44eda13,6c88e86abcf23f83,,2026-02-10 12:27:43.055000,2026-03-11 14:32:35.086000,Germany,8000000.0,0.00039,0.03,0.0002,,,H0,,False,,False,,,,,,,False,,,False,,,,,,,,,
4ec0a5a9b1b9e7b2,a5523034485622f6,,2026-02-17 10:06:54.550000,2026-03-11 15:02:04.515000,Germany,4500000.0,0.00039,0.03,,,,H0,,False,,False,,,,,,,False,,,False,,,,,,,,,
45e5cce205b082a3,c0edf978c137413a,,2026-02-26 08:09:18.073000,2026-03-12 09:10:00.028000,Germany,3000000.0,0.00031,0.04,0.00022,,0.03,H0,,False,,False,,,,,,,False,,,False,,,,,,,,,
3e73fa6a85684492,e607a8fb75df325b,,2026-03-09 12:41:17.737000,2026-03-12 09:23:42.336000,Germany,4500000.0,0.00039,0.03,,,0.03,H0,,False,,False,,,,,,,False,,,False,,,,,,,,,
9717b588bb7c2018,4c59a07b8defc25e,2026-02-17 17:05:37.098000,,2026-03-12 14:20:37.471000,Germany,4500000.0,0.00039,0.03,,,,H0,,False,,False,,,,,,,False,,,False,,,,,,,,,
544b14d1997df1b0,a34999cb750990f7,2026-02-25 14:25:40.825000,2026-02-25 14:26:46.185000,2026-03-12 15:25:49.478000,Germany,3500000.0,0.00039,0.04,,,0.03,H0,,False,,False,,,,,,,False,,,False,,,,,,,,,
924c7b234ec2a737,8168ec188ccb3fee,2026-01-26 07:38:07.866000,2026-01-28 19:52:22.295000,2026-03-12 16:27:29.053000,Germany,6400000.0,0.00039,0.04,,,,H0,,False,,False,,,,,,,False,,,False,,,,,,,,,
3b97351c03ec4280,1a8251397a1d6e1b,2026-01-21 07:58:06.609000,,2026-03-12 16:39:38.231000,Germany,3500000.0,0.00042,0.03,,,,FamilyOfFour,,True,30000,False,,,,,,,False,,,False,,,,,,,,,
050b8d6bb5dd0099,8092b1c30780c21c,2026-02-02 07:44:21.708000,2026-02-17 15:54:59.353000,2026-03-12 16:53:32.085000,Germany,2240000.0,0.00036,0.04,0.0002,,,H0,,False,,False,,,,,,,False,,,False,,,,,,,,,
1e6ade05a18fa995,8d51812ce6cf4826,,2026-01-23 09:58:22.023000,2026-03-12 17:12:49.425000,Germany,4000000.0,0.00028,0.03,0.00024,,,H0,,False,,False,,,,,,,False,,,False,,,,,,,,,
9a560829422a46ec,1aef1705c4244d3a,2026-02-19 17:43:54.647000,2026-02-26 14:58:43.205000,2026-03-12 17:19:51.299000,Germany,4500000.0,0.00034,0.04,,,,H0,,False,,False,,,,,,,False,,,False,,,,,,,,,
25c063b5471fa2ef,98a265372ef1a24d,2026-02-09 07:57:10.789000,2026-02-09 07:57:56.247000,2026-03-12 17:31:32.749000,Germany,9000000.0,0.00036,0.06,,,,H0,,False,,False,,,,,,,False,,,False,,,,,,,,,
0953e7ac050f387d,bcd3613fb762a338,2026-01-29 08:48:20.394000,2026-01-29 08:48:32.537000,2026-03-12 17:45:04.379000,Germany,1800000.0,0.00033,0.04,0.0002,,,H0,,False,,False,,,,,,,False,,,False,,,,,,,,,
3198e0c95561d0aa,dde3ac72804f27e3,2025-12-10 09:14:44.322000,2026-01-14 16:45:03.247000,2026-03-13 10:39:50.663000,Germany,20000000.0,0.0003,0.03,,,,H0,,False,,False,,,,,,,False,,,False,,,,,,,,,
98e4a0c650730a92,af690d1b60390911,2026-02-26 09:02:40.010000,2026-03-03 07:01:37.340000,2026-03-17 00:00:00,Germany,5000000.0,0.00031,0.04,0.00022,,0.03,H0,,False,,False,,,,,,,False,,,False,,,,,,,,,
79747a7928f2e385,bb78a93ec69d6e07,2026-02-11 09:22:12.075000,2026-02-27 09:59:57.780000,2026-03-17 13:05:12.618000,Germany,12500000.0,0.00039,0.04,,12.0,,H0,,False,,False,,,,,,,False,,,False,,,,,,,,,
314c14ebffc022a0,d91dd58b1e79b638,2026-02-16 09:00:15.910000,2026-03-02 17:54:42.787000,2026-03-17 13:18:17.824000,Germany,3000000.0,0.00028,0.03,0.0002,,,CustomFromEditor,77dfa77824050a10,False,,False,,,,,,,False,,,False,,Heatpump,,,3000.0,10500000.0,,,
295e3eb24925ce78,179b95dcfb5f489f,2026-01-14 13:13:51.395000,2026-01-26 16:46:25.083000,2026-03-17 14:13:36.734000,Germany,6000000.0,0.00028,0.04,0.00022,,,H0,,False,,False,,,,,,,False,,,False,,,,,,,,,
712335ede7f8d5a4,2e46d90041b6f457,2026-01-30 10:14:12.168000,,2026-03-17 16:03:30.232000,Germany,4000000.0,0.0004,0.03,,,,H0,,False,,False,,,,,,,False,,,False,,,,,,,,,
51490433927de2a5,1f7f0e5d0f4d5f40,2026-02-09 12:41:48.438000,2026-02-09 12:42:04.591000,2026-03-17 16:19:48.580000,Germany,5000000.0,0.00032,0.03,0.00022,,,H0,,False,,False,,,,,,,False,,,False,,,,,,,,,
d1482a66b05dac5a,77073f920a419f38,2026-03-02 14:41:33.370000,,2026-03-17 16:32:31.304000,Germany,3000000.0,0.00039,0.03,,,0.03,H0,,False,,False,,,,,,,False,,,False,,,,,,,,,
031e7b8adb62fa46,2f1335dad3a123de,2026-02-23 14:04:38.894000,2026-03-03 12:04:36.660000,2026-03-18 00:00:00,Germany,20000000.0,0.00026,0.03,0.00022,,,H0,,False,,False,,,,,,,False,,,False,,,,,,,,,
070bf1fdb5f33961,a7e5bdd723ed3d0f,2025-08-04 21:08:46.838000,2025-08-04 21:08:55.209000,2026-03-18 13:37:48.692000,Germany,8000000.0,0.0003,0.01,0.00022,,,H0,,False,,False,,,,,,,False,,,False,,,,,,,,,
4afae66d79474dc8,d69039d352806f95,2026-02-22 10:46:03.149000,,2026-03-18 13:53:23.962000,Germany,3500000.0,0.0003,0.04,0.0002,,,H0,,False,,False,,,,,,,False,,,False,,,,,,,,,
f83161e8929db7c9,84cff25478fa6fa7,2026-02-27 09:23:05.936000,2026-02-27 09:23:19.824000,2026-03-18 14:05:02.384000,Germany,5200000.0,0.00029,0.01,0.0002,12.0,0.01,H0,,True,31000,False,,,,,,,False,,,False,,,,,,,,,
f36c7da5033f22c4,5bf17d398dccb0e9,2026-01-21 07:53:33.292000,2026-02-06 09:17:29.351000,2026-03-18 14:20:04.406000,Germany,7000000.0,0.00032,0.03,,,,H0,,False,,False,,,,,,,False,,,False,,,,,,,,,
ba36331305353a34,4e3006012ad2e64c,2026-01-20 09:17:18.587000,2026-01-22 11:36:09.309000,2026-03-18 14:34:04.635000,Germany,5000000.0,0.00036,0.03,,,,H0,,False,,False,,,,,,,False,,,False,,,,,,,,,
cb92ec131486ff32,dda1280c57b81859,2026-02-02 09:49:23.296000,2026-02-16 09:59:33.877000,2026-03-18 15:33:09.858000,Germany,3000000.0,0.00039,0.03,,,,H0,,False,,False,,,,,,,False,,,False,,,,,,,,,
09bde9df0514a9a5,5ecf837f97c2102f,2026-01-29 07:37:36.736000,2026-02-13 10:35:28.631000,2026-03-18 15:50:30.347000,Germany,3000000.0,0.00039,0.03,,,,H0,,False,,False,,,,,,,False,,,False,,,,,,,,,
32940a307e0ba115,f5fbb95284b11d5d,2026-02-23 08:26:21.726000,2026-02-24 10:00:11.463000,2026-03-18 16:34:54.863000,Germany,3000000.0,0.00039,0.03,,,,H0,,False,,False,,,,,,,False,,,False,,,,,,,,,
39ec9fc605234a65,7c61b3a633d5d93e,2026-02-10 10:33:24.076000,2026-02-13 13:43:45.170000,2026-03-19 12:58:30.040000,Germany,10000000.0,0.00035,0.06,,,,H0,,False,,False,,,,,,,False,,,False,,,,,,,,,
c024c9bdad1907b9,9de27fb889fc8336,2026-01-05 07:51:57.758000,2026-01-15 16:00:27.976000,2026-03-20 18:30:28.953000,Germany,6600000.0,0.00035,0.03,0.0002,,,H0,,False,,False,,,,,,,False,,,False,,,,,,,,,
874b9d41fb8bc448,75a0f3721010af5f,2026-02-02 09:49:23.288000,2026-02-11 16:37:39.360000,2026-03-23 09:49:23.627000,Germany,12000000.0,0.0003,0.03,0.00015,,,H0,,False,,False,,,,,,,False,,,False,,,,,,,,,
55b3d6c7dabf7f19,f0754901165408bb,,2026-01-15 13:53:53.127000,2026-03-23 10:13:28.598000,Germany,4500000.0,0.00039,0.03,,,,H0,,False,,False,,,,,,,False,,,False,,,,,,,,,
556ddffebdb97467,6c2e5f61d2e91ddd,2026-02-09 08:02:57.047000,2026-02-22 13:20:28.797000,2026-03-23 10:34:07.173000,Germany,3300000.0,0.00038,0.03,,,,H0,,False,,False,,,,,,,False,,,False,,,,,,,,,
36d8a99ef3cac46f,aae74c38c3741a10,2026-02-02 07:44:21.715000,2026-02-16 11:45:51.910000,2026-03-23 11:09:00.720000,Germany,3000000.0,0.00039,0.03,,,,H0,,False,,False,,,,,,,False,,,False,,,,,,,,,
4732dc7b0a1c70c7,890b6947c39e4160,2026-01-26 10:27:26.329000,2026-02-13 11:46:59.626000,2026-03-23 13:47:03.465000,Germany,7500000.0,0.0004,0.03,0.0002,,,H0,,False,,False,,,,,,,False,,,False,,,,,,,,,
4f484836638a3b68,ec3ca719de71c586,2026-02-27 07:06:08.903000,2026-02-27 07:06:28.843000,2026-03-23 14:32:46.862000,Germany,3700000.0,0.00038,0.04,0.0002,,0.03,H0,,False,,False,,,,,,,False,,,False,,,,,,,,,
0ee22274a7894748,5f71f90c3ee26ccf,2026-01-22 07:51:40.663000,2026-02-03 11:55:40.227000,2026-03-23 14:50:53.746000,Germany,3225000.0,0.00032,0.04,0.00022,,,H0,,False,,False,,,,,,,False,,,False,,,,,,,,,
3c67718c94c59d40,69cdb503b97a0281,2026-02-17 13:38:07.324000,2026-02-17 13:38:55.126000,2026-03-23 15:10:24.388000,Germany,3500000.0,0.00038,0.04,0.0002,,,H0,,False,,False,,,,,,,False,,,False,,OtherRenewable,1.0,,4500.0,1000.0,,,
38fc0943a374c2cc,0bc4420848682e15,2026-02-12 07:32:27.886000,2026-02-12 17:57:51.128000,2026-03-23 15:49:47.406000,Germany,5000000.0,0.00032,0.03,0.00022,,,H0,,False,,False,,,,,,,False,,,False,,,,,,,,,
99f7d5e14eb35972,c737e68a8b440f6c,,2026-02-03 12:26:22.414000,2026-03-23 16:01:14.459000,Germany,4500000.0,0.00039,0.03,,,,H0,,False,,False,,,,,,,False,,,False,,,,,,,,,
5b9303d0030b75db,102d1cb5113d3235,2026-01-29 16:53:22.945000,2026-01-31 10:32:42.342000,2026-03-24 06:40:02.004000,Germany,6000000.0,0.00032,0.03,,,,H0,,False,,False,,,,,,,False,,,False,,,,,,,,,
c930368049b874d2,b7e0a94e846cc11b,2026-02-17 07:35:25.863000,2026-02-24 11:17:34.231000,2026-03-24 07:07:22.845000,Germany,3500000.0,0.00038,0.04,,,,H0,,False,,False,,,,,,,False,,,False,,,,,,,,,
3e1b02413a9697c7,5b38fe9f77fa9314,2026-01-28 12:28:50.833000,2026-02-23 16:58:14.525000,2026-03-24 10:36:13.805000,Germany,3000000.0,0.00039,0.03,,,,H0,,False,,False,,,,,,,False,,,False,,,,,,,,,
e43bb1a83ab560aa,9ad7c4e3e0ef4d7c,2026-02-10 12:19:49.636000,2026-02-26 07:23:18.793000,2026-03-24 10:49:16.286000,Germany,3500000.0,0.0003,0.04,,,,H0,,False,,False,,,,,,,False,,,False,,,,,,,,,
daeac05c4d294411,ff17ab6669e9510f,2026-02-10 19:20:26.903000,2026-02-10 19:21:24.535000,2026-03-24 11:12:51.153000,Germany,8000000.0,0.00039,0.03,0.0002,,,FamilyOfFour,,False,,False,,,,,,,False,,,False,,,,,,,,,
4ac50c9e9f36c80f,f8fcf3353c9acd5b,2026-03-14 14:18:57.338000,2026-03-14 14:19:05.239000,2026-03-24 12:32:38.692000,Germany,1700000.0,0.00045,0.04,0.0002,,0.03,H0,,False,,False,,,,,,,False,,,False,,,,,,,,,
500596afce079b73,ee3aca66a6f2ffa0,2026-02-23 14:04:38.896000,2026-02-25 16:08:45.501000,2026-03-24 13:02:44.532000,Germany,4000000.0,0.00039,0.03,,,,H0,,False,,False,,,,,,,False,,,False,,,,,,,,,
a52eba86fd83e1cb,1204f81fff1c8016,2026-01-23 12:51:56.832000,2026-02-10 15:14:49.067000,2026-03-24 14:37:27.338000,Germany,5000000.0,0.00031,0.03,0.00024,12.5,0.01,H0,,False,,False,,,,,,,False,,,False,,Heatpump,,,7500.0,26250000.0,,,
764b4a223bf7f9b0,30301887406c5ca2,2025-11-26 14:37:44.856000,2025-11-26 14:37:53.345000,2026-03-24 15:05:56.545000,Germany,5700000.0,0.0003,0.04,0.00022,,,H0,,False,,False,,,,,,,False,,,False,,,,,,,,,
1db95d9eee610fbe,23fb19df2a2241cf,2026-02-23 08:41:02.628000,2026-03-11 07:28:49.566000,2026-03-24 19:39:28.724000,Germany,4500000.0,0.00035,0.03,0.0002,12.0,,H0,,False,,False,,,,,,,False,,,False,,,,,,,,,
8ebf6d68d07f7fd5,38157a85b1e3a764,2026-02-24 13:11:07.087000,2026-02-27 16:39:13.637000,2026-03-25 07:03:15.688000,Germany,3000000.0,0.0003,0.04,,10.0,0.03,H0,,False,,False,,,,,,,False,,,False,,,,,,,,,
9bd0c1d656d85866,6b3b795bf5698520,2026-02-16 09:00:15.896000,2026-02-24 11:49:55.322000,2026-03-25 08:17:00.272000,Germany,5000000.0,0.00033,0.03,0.00024,13.0,,H0,,False,,False,,,,,,,False,,,False,,,,,,,,,
4aa979ba09d0a395,bdf34bf28a12863e,2026-03-14 12:57:26.006000,2026-03-14 12:57:34.205000,2026-03-25 10:14:00.820000,Germany,2000000.0,0.00046,0.04,0.0002,,0.03,H0,,False,,False,,,,,,,False,,,False,,Heatpump,,,3000.0,10500000.0,,,
75f06a9779ee9469,298d4612f462ad94,2026-02-25 09:35:03.912000,2026-02-27 08:32:21.862000,2026-03-25 10:23:12.862000,Germany,3000000.0,0.00039,0.03,,,0.03,H0,,False,,False,,,,,,,False,,,False,,,,,,,,,
80048bb93f052a01,127a5ebb93f1c5ba,2026-02-09 08:02:57.100000,2026-02-26 11:06:46.186000,2026-03-25 11:42:36.955000,Germany,3500000.0,0.00035,0.03,0.00024,13.0,,H0,,True,10000,False,,,,,,,False,,,False,,Heatpump,,,1000.0,3500000.0,,,
e72b19447b7e5081,71774c142473202a,2026-01-29 13:35:43.574000,2026-02-18 16:54:15.946000,2026-03-25 12:40:13.091000,Germany,5400000.0,0.00038,0.03,0.0002,,,H0,,False,,False,,,,,,,False,,,False,,,,,,,,,
0b46f1c12c696f6f,931bfab58cf1fddd,2026-02-10 10:33:24.112000,2026-02-26 06:30:49.116000,2026-03-25 13:04:37.321000,Germany,2500000.0,0.0004,0.03,,,,H0,,False,,False,,,,,,,False,,,False,,,,,,,,,
e758067c09aa0b71,ce9503eadebb68ec,,2026-02-16 13:24:39.052000,2026-03-26 09:12:07.807000,Germany,6000000.0,0.0004,0.03,,,,H0,,False,,False,,,,,,,False,,,False,,,,,,,,,
0b4741a71929ff49,fb15ad800a0ba9a1,2026-01-29 12:24:50.613000,2026-02-13 14:54:01.728000,2026-03-26 09:31:18.168000,Germany,6500000.0,0.0004,0.03,0.0002,,,H0,,False,,False,,,,,,,False,,,False,,Heatpump,,,7500.0,26250000.0,,,
b11b08f7890ce31e,0a6574c80828955b,,2026-02-28 08:16:57.137000,2026-03-26 11:14:13.358000,Germany,3400000.0,0.00036,0.05,,17.0,0.05,H0,,False,,False,,,,,,,False,,,False,,,,,,,,,
45f77cd710fb1d38,a9c2a2e2c37507dd,2026-01-05 07:51:57.747000,2026-01-19 17:47:20.231000,2026-03-26 12:51:23.180000,Germany,2600000.0,0.00026,0.04,,,,H0,,False,,False,,,,,,,False,,,False,,,,,,,,,
137c8b5e49a6b438,50b843bb8b134b0d,,2026-02-02 12:53:37.190000,2026-03-26 13:18:28.997000,Germany,3900000.0,0.00035,0.03,0.0002,,,H0,,False,,False,,,,,,,False,,,False,,Heatpump,,,4000.0,14000000.0,,,
b2d4cd366d630254,739be8cfb88e2672,,2026-02-24 12:24:10.334000,2026-03-26 13:32:20.760000,Germany,4600000.0,0.00035,0.03,,,0.03,H0,,False,,False,,,,,,,False,,,False,,,,,,,,,
5d7c9463a0c4de5f,e1db1603e67abf10,2026-02-12 07:32:27.865000,2026-03-06 07:12:37.455000,2026-03-26 19:46:40.206000,Germany,2500000.0,0.00029,0.03,0.0002,13.0,,H0,,False,,False,,,,,,,False,,,False,,Heatpump,,,8000.0,28000000.0,,,
7f7ca2bc59330d87,4f82fedcaaab37bb,2026-02-24 11:52:54.036000,2026-02-24 11:52:59.624000,2026-03-27 11:40:22.205000,Germany,2500000.0,0.00036,0.03,0.00022,120.0,0.03,H0,,False,,False,,,,,,,False,,,False,,,,,,,,,
f0559abaf3bce999,52f16fe2b6c2ff05,2026-02-20 06:16:19.030000,2026-03-01 19:31:16.169000,2026-03-30 00:00:00,Germany,3000000.0,0.00039,0.03,,,,H0,,False,,False,,,,,,,False,,,False,,Heatpump,,,6000.0,21000000.0,,,
3b5ef0848d4e42e9,ceb057009204adfc,2025-12-04 08:31:26.178000,2025-12-08 19:19:41.879000,2026-03-30 00:00:00,Germany,1800000.0,0.00039,0.02,0.0002,,,H0,,False,,False,,,,,,,False,,,False,,,,,,,,,
a5035032136862f1,d7cc7179b1b14c44,2026-01-22 14:09:18.810000,2026-01-27 18:59:04.201000,2026-03-30 12:11:09.742000,Germany,3500000.0,0.00035,0.03,,,,H0,,False,,False,,,,,,,False,,,False,,,,,,,,,
9f630eb1fa1f51c3,6700d2a4c8629ea4,2025-10-16 07:07:25.905000,2025-11-21 07:46:32.909000,2026-03-31 08:23:34.351000,Germany,6500000.0,0.00029,0.04,0.00022,,,H0,,False,,False,,,,,,,False,,,False,,,,,,,,,
7aa299781cc10346,43c5820907fbebb7,2026-02-11 08:06:30.517000,2026-02-12 07:53:34.669000,2026-03-31 10:01:12.911000,Germany,5200000.0,0.00038,0.06,,,,H0,,False,,False,,,,,,,False,,,False,,,,,,,,,
32351ce970db1941,63d1b73cdc3f72df,2026-03-06 14:14:26.581000,2026-03-17 09:25:55.914000,2026-03-31 11:49:18.578000,Germany,3800000.0,0.00035,0.02,0.0002,,0.04,SeniorOnePerson,,False,,False,,,,,,,False,,,False,,,,,,,,,
819e559568bdbcf7,30e97b6aac9172bd,2026-02-26 16:19:10.933000,2026-02-26 17:08:47.325000,2026-03-31 12:10:52.660000,Germany,4800000.0,0.00032,0.04,,,0.03,H0,,False,,False,,,,,,,False,,,False,,,,,,,,,
f503d5590af87103,d1338facdb2359d7,2026-02-28 09:26:37.997000,2026-03-02 21:32:42.862000,2026-03-31 13:14:53.250000,Germany,2708000.0,0.00034,0.0,,120.0,0.0,CustomFromEditor,,True,9000,False,,,,,,,False,,,False,,Heatpump,,,5000.0,17500000.0,128.0,1983,4
4ec6cff89c133e74,5362ed8e70db7a41,2026-02-05 07:50:49.659000,2026-03-02 16:40:36.379000,2026-03-31 13:53:26.900000,Germany,5200000.0,0.00029,0.02,0.0002,,,H0,,False,,False,,,,,,,False,,,False,,,,,,,,,
690929355b8507a3,255a327a2f0b6263,,2026-01-26 15:46:15.756000,2026-03-31 14:26:50.312000,Germany,2735000.0,0.00019,0.03,,,,H0,,False,,False,,,,,,,False,,,False,,Heatpump,0.76,,5000.0,14000000.0,,,
b8c635fce129149c,43165d719553db64,2026-02-05 07:51:10.056000,2026-02-25 18:25:32.062000,2026-03-31 14:42:46.107000,Germany,4800000.0,0.00032,0.02,,160.0,,H0,,False,,False,,,,,,,False,,,False,,Heatpump,,,2000.0,7000000.0,,,
fabb58fa2f40b0af,88f9d85ef3730b46,,2026-02-26 08:29:16.150000,2026-03-31 15:10:49.400000,Germany,4500000.0,0.00039,0.03,,,0.03,H0,,False,,False,,,,,,,False,,,False,,,,,,,,,
db7130c3c6955850,d5681acf25b7d4e3,2026-02-17 13:26:20.283000,2026-03-10 08:29:41.684000,2026-03-31 18:44:14.801000,Germany,4000000.0,0.00036,0.04,,13.0,,H0,,False,,False,,,,,,,False,,,False,,,,,,,,,
f83d38cfad49bba5,08efd11cdd45342a,2026-03-14 20:11:03.977000,2026-03-19 18:10:24.809000,2026-03-31 19:07:19.175000,Germany,6700000.0,0.00029,0.03,0.0002,13.0,0.03,H0,,False,,False,,,,,,,False,,,False,,,,,,,,,
b323261b72fad777,34d8580565f82573,2026-01-27 10:42:22.923000,2026-02-13 20:42:59.846000,2026-03-31 19:38:50.261000,Germany,3000000.0,0.00035,0.03,0.0002,,,H0,,False,,False,,,,,,,False,,,False,,,,,,,,,
2b2112b9d52209c6,b95410654c7d02bd,2026-03-10 12:36:42.761000,2026-03-20 09:25:58.963000,2026-04-01 08:38:38.898000,Germany,3000000.0,0.00039,0.03,,,0.03,H0,,False,,False,,,,,,,False,,,False,,,,,,,,,
30cce57cd6fda6af,ae21249f753aa358,2026-02-24 07:46:27.738000,2026-02-24 11:21:51.278000,2026-04-02 12:50:51.707000,Germany,3500000.0,0.00039,0.03,0.00015,,0.03,H0,,False,,False,,,,,,,False,,,False,,,,,,,,,
961bcb8da1026ff9,bf156db6c8b91153,2026-03-02 17:41:02.692000,2026-03-03 11:03:57.266000,2026-04-02 13:21:09.609000,Germany,6000000.0,0.00033,0.03,,22.0,0.03,H0,,False,,False,,,,,,,False,,,False,,,,,,,,,
e84f0239f096c24f,a7deb9ef43c9926b,2026-03-05 07:48:24.553000,2026-03-19 10:14:42.229000,2026-04-02 13:32:44.725000,Germany,10769231.0,0.00039,0.05,0.00023,,0.03,H0,,False,,False,,,,,,,False,,,False,,,,,,,,,
00a278f43d641223,75c2eb5ee8604776,2025-12-02 07:00:09.100000,2025-12-22 13:42:16.264000,2026-04-02 14:39:37.405000,Germany,11000000.0,0.00023,0.04,0.00022,,,H0,,False,,False,,,,,,,False,,,False,,,,,,,,,
a8639000f44355b8,b77da89b24b6dc5b,2026-03-11 14:10:19.516000,2026-03-11 14:11:53.700000,2026-04-04 08:27:10.989000,Germany,5484375.0,0.00032,0.03,0.00022,,0.03,H0,,False,,False,,,,,,,False,,,False,,,,,,,,,
42116e503ac08075,96ef05dafec10f2b,2026-01-25 08:03:35.200000,2026-01-25 08:03:48.142000,2026-04-04 08:37:41.947000,Germany,3000000.0,0.00039,0.03,,,,H0,,True,60000,False,,,,,,,False,,,False,,Heatpump,,,4500.0,15750000.0,,,
df7aa64b48ebb6ea,a9611021f2836578,2026-03-21 14:07:31.184000,2026-03-21 14:07:41.058000,2026-04-04 09:05:15.504000,Germany,6500000.0,0.00032,0.04,0.0002,168.0,0.04,H0,,False,,False,,,,,,,False,,,False,,,,,,,,,
69571d579307bfc3,208b1929fdd901a3,2026-02-28 00:42:29.826000,,2026-04-07 12:33:51.885000,Germany,9000000.0,0.0003,0.03,,,0.03,H0,,False,,False,,,,,,,False,,,False,,Heatpump,,,6000.0,21000000.0,,,
a32971e72c75787e,4cfb58d475e91997,2026-01-21 07:53:33.292000,2026-02-25 10:29:32.752000,2026-04-07 12:47:15.263000,Germany,3800000.0,0.00031,0.03,0.00022,,,H0,,False,,False,,,,,,,False,,,False,,,,,,,,,
68e156f27127f226,c802f7a0d1769fa2,2026-02-23 16:14:07.967000,2026-02-23 16:14:15.865000,2026-04-07 13:04:40.311000,Germany,4000000.0,0.00033,0.04,0.00018,,,H0,,False,,False,,,,,,,False,,,False,,,,,,,,,
95f1a1b4d2f7fcd2,320004e11483f1ee,,2026-03-23 18:27:40.809000,2026-04-08 07:00:49.296000,Germany,4500000.0,0.00039,0.03,,,0.03,H0,,False,,False,,,,,,,False,,,False,,,,,,,,,
eda966c2a11e2be0,1e5c2a725d556b2b,,2026-02-25 07:08:05.418000,2026-04-08 07:21:36.185000,Germany,7000000.0,0.00035,0.03,0.00024,14.0,0.01,H0,,False,,False,,,,,,,False,,,False,,Heatpump,,,4000.0,14000000.0,,,
35481b50f5da367a,d9b92262f71ca02b,2026-01-29 13:35:43.573000,2026-03-06 20:54:37.164000,2026-04-08 08:29:20.667000,Germany,3000000.0,0.00039,0.03,,,,H0,,False,,False,,,,,,,False,,,False,,,,,,,,,
3a5a4fd1e1473de4,63844ca6cb7fe0e3,2025-11-24 08:39:50.865000,2025-12-17 13:10:28.656000,2026-04-08 09:05:34.418000,Germany,8000000.0,0.0003,0.03,,,,CustomFromEditor,e93b00085a3b89cb,False,,False,,,,,,,False,,,False,,,,,,,,,
2b7b9ed16e85b5fa,6e6636141459847e,2025-11-27 14:15:57.763000,2025-11-27 14:16:28.935000,2026-04-08 09:28:01.294000,Germany,12000000.0,0.00039,0.04,0.00022,,,H0,,False,,False,,,,,,,False,,,False,,,,,,,,,
a638fd336851262b,6e6636141459847e,,2026-03-28 10:40:04.293000,2026-04-08 09:38:42.022000,Germany,4500000.0,0.00039,0.03,,,0.03,H0,,False,,False,,,,,,,False,,,False,,,,,,,,,
6972054a0e8a1141,19ac1c12bbe109d8,2026-02-17 07:35:25.863000,2026-03-19 19:25:30.970000,2026-04-08 12:10:54.527000,Germany,2800000.0,0.00034,0.03,,,,CustomFromEditor,ea911a3947a53a13,True,10000,False,,,,,,,False,,,False,,,,,,,,,
6328a6ab4711ffd2,0a88c1d206da71da,,2026-01-27 15:06:54.922000,2026-04-08 13:11:20.007000,Germany,12000000.0,0.00035,0.03,0.0002,,,H0,,False,,False,,,,,,,False,,,False,,Heatpump,,,10000.0,35000000.0,,,
3363361cbe95a51e,b9a03b51240c166d,2026-03-03 14:56:02.228000,2026-03-19 18:48:32.587000,2026-04-08 13:26:06.417000,Germany,5000000.0,0.00035,0.03,,13.0,0.03,H0,,False,,False,,,,,,,False,,,False,,,,,,,,,
308cd656321fcf8a,ae51a99caa77018d,2026-03-03 14:56:03.373000,2026-03-11 13:58:53.223000,2026-04-08 14:07:09.361000,Germany,3000000.0,0.00039,0.03,,,0.03,H0,,False,,False,,,,,,,False,,,False,,,,,,,,,
b44c72fd3bf6e8db,6a7010fb4cfc3f00,,2026-02-17 01:06:37.241000,2026-04-08 14:58:49.417000,Germany,4500000.0,0.00039,0.03,,,,H0,,False,,False,,,,,,,False,,,False,,,,,,,,,
8d61484ad41ea332,85d9ce29dc9e9912,2026-02-25 09:35:03.975000,2026-03-26 20:06:43.791000,2026-04-10 05:42:33.579000,Germany,3000000.0,0.00039,0.03,,,0.03,H0,,False,,False,,,,,,,False,,,False,,,,,,,,,
15cfb5f692ff4bde,63f46e653cce66d9,2026-03-16 07:43:57.260000,2026-03-18 21:16:01.879000,2026-04-10 07:28:34.991000,Germany,3500000.0,0.00039,0.03,0.00012,,0.03,H0,,False,,False,,,,,,,False,,2026,False,,Heatpump,,,5000.0,17500000.0,,,
7d72c162ac48a986,5503cfb5326db675,2026-02-28 08:48:56.391000,2026-03-07 06:16:31.868000,2026-04-10 07:41:50.233000,Germany,5500000.0,0.00035,0.0,,,0.03,FamilyOfFour,,False,,False,,,,,,,False,,,False,,,,,,,,,
8bba54b5492da6b3,338aeace19b60995,2026-02-12 09:52:26.223000,,2026-04-10 09:07:20.906000,Germany,3000000.0,0.00029,0.03,,10.0,0.01,H0,,False,,False,,,,,,,False,,,False,,,,,,,,,
a519cbb5112520ab,bdf2c34f7301c970,2026-03-02 07:55:43.047000,2026-03-10 11:40:12.500000,2026-04-10 09:16:22.527000,Germany,3000000.0,0.00039,0.05,0.00023,,0.0,H0,,False,,False,,,,,,,False,,,False,,,,,,,,,
6683dc154088b15f,5aa730ffc5e0e483,2026-03-17 15:41:58.358000,2026-03-17 15:42:11.970000,2026-04-10 12:17:17.341000,Germany,5000000.0,0.00031,0.04,0.0002,,0.03,H0,,False,,False,,,,,,,False,,,False,,,,,,,,,
485122c1b59c7590,6e10714d46462dfd,2026-01-02 10:25:02.319000,2026-01-20 18:43:24.693000,2026-04-10 12:37:52.723000,Germany,3700000.0,0.00028,0.05,0.00022,,,FamilyOfFour,,False,,False,,,,,,,False,,,False,,,,,,,,,
8c57fdaa2ed4ddc1,83bfc7f1a39766e6,2026-03-23 11:58:25.615000,2026-03-23 19:54:44.714000,2026-04-11 08:22:41.251000,Germany,10000000.0,0.00027,0.03,,,0.03,H0,,False,,False,,,,,,,False,,,False,,,,,,,,,
9592250482b6db76,b011b7e3d3acbdcf,2025-09-10 15:53:04.382000,2025-10-08 18:54:01.078000,2026-04-11 08:50:15.548000,Germany,10000000.0,0.00039,0.04,,,,H0,,False,,False,,,,,,,False,,,False,,,,,,,,,
35ac0d3397e0e099,4c8fa39baa5d80f9,2026-03-13 07:39:17.255000,2026-03-20 15:40:32.884000,2026-04-15 06:34:36.364000,Germany,8500000.0,0.00039,0.03,0.00025,,0.03,H0,,False,,False,,,,,,,False,,,False,,,,,,,,,
f26906dd6bad9e97,a262c9c24e52637b,2026-03-13 11:50:44.834000,2026-03-13 15:27:47.442000,2026-04-15 07:53:17.720000,Germany,12500000.0,0.00032,0.03,0.00022,10.0,0.03,H0,,False,,False,,,,,,,False,,,False,,,,,,,,,
c50ff7ade3143630,d8ce48d774214888,,2026-03-09 12:39:50.093000,2026-04-15 08:41:16.291000,Germany,4000000.0,0.00028,0.03,0.00024,15.0,0.03,H0,,True,25000,False,,,,,,,False,,,False,,,,,,,,,
80e5e0ff174b58e4,9d1b19da87a54676,2026-03-16 11:26:29.555000,2026-04-01 16:49:37.939000,2026-04-15 08:58:08.184000,Germany,5000000.0,0.0003,0.03,,,0.03,CustomFromEditor,5a8a8885046f6f02,False,,False,,,,,,,False,,,False,,,,,,,,,
7041d66a5f8d86d1,976b628b57b4035c,2026-03-24 14:02:12.509000,2026-03-27 08:19:16.493000,2026-04-15 09:44:09.466000,Germany,3000000.0,0.00039,0.03,,,0.03,H0,,False,,False,,,,,,,False,,,False,,,,,,,,,
821f5b66a0e4b48b,71ada4a1ef1f9690,,2026-03-24 13:00:07.687000,2026-04-15 10:12:02.043000,Germany,8000000.0,0.0003,0.03,0.00024,13.0,0.03,H0,,False,,False,,,,,,,False,,,False,,,,,,,,,
50d86a883a8a50ad,afa1238d2e80925c,2026-03-16 11:27:40.134000,2026-03-20 08:12:07.086000,2026-04-15 12:58:45.815000,Germany,4000000.0,0.00039,0.03,0.00012,,0.03,H0,,False,,False,,,,,,,False,,,False,,,,,,,,,
1e3015d8e428fc0c,553e632b631206ba,2026-03-18 10:08:32.782000,2026-03-18 10:08:56.491000,2026-04-15 13:19:23.686000,Germany,3500000.0,0.00035,0.04,0.0002,,0.03,H0,,True,10000,False,,,,,,,False,,,False,,,,,,,,,
032ea5190a101f8d,6736beecda9ffc3b,2026-03-19 08:54:00.926000,2026-03-19 08:55:51.802000,2026-04-15 14:05:57.755000,Germany,4285714.0,0.00028,0.0,,,0.0,H0,,False,,False,,,,,,,False,,,False,,,,,,,,,
ad32b1435b0d16b9,65a38a7ac78b0f63,2026-02-26 15:25:53.521000,2026-03-15 15:53:08.038000,2026-04-15 14:47:06.091000,Germany,4500000.0,0.00029,0.02,,,0.03,H0,,False,,False,,,,,,,False,,,False,,,,,,,,,
04ebc451f8bcf740,3dbe0c0c4de26424,2026-03-30 11:49:31.987000,2026-03-30 11:49:40.232000,2026-04-15 14:48:00.951000,Germany,1500000.0,0.00033,0.04,0.0002,,0.03,H0,,False,,False,,,,,,,False,,,False,,,,,,,,,
8237d1c55e8d6e26,e24cef41f6f13444,2026-02-11 09:36:43.425000,2026-02-24 14:38:45.380000,2026-04-16 09:05:24.887000,Germany,3000000.0,0.0002,0.04,0.0002,,,H0,,False,,False,,,,,,,False,,,False,,,,,,,,,
8907ae285bf830d6,6c9a1f1d1f1654f6,2026-02-17 13:26:33.892000,,2026-04-16 11:05:46.591000,Germany,11600000.0,0.0003,0.03,,12.0,,H0,,False,,False,,,,,,,False,,,False,,,,,,,,,
db66b27e168d6316,6c9c70fc78482e8d,2026-03-07 20:11:03.149000,2026-03-11 16:24:13.535000,2026-04-16 11:39:10.230000,Germany,5500000.0,0.00027,0.03,0.00024,17.0,0.01,H0,,False,,False,,,,,,,False,,,False,,Heatpump,,,8000.0,28000000.0,,,
1f1a2b6933c0ef2d,82369a1e93020be3,2026-03-02 11:22:57.267000,,2026-04-16 11:41:22.285000,Germany,2000000.0,0.00039,0.03,,,0.03,H0,,False,,False,,,,,,,False,,,False,,,,,,,,,
980886295e295b4c,9917cdf2339335e6,2026-02-27 13:59:48.530000,2026-03-07 07:29:21.543000,2026-04-16 12:15:19.851000,Germany,5000000.0,0.00035,0.04,,180.0,0.04,H0,,True,10000,False,,,,,,,False,,,False,,,,,,,,,
82b39747e415b34d,4330771c13da041f,2026-02-11 10:18:40.365000,2026-02-20 09:10:09.143000,2026-04-16 12:58:13.154000,Germany,4300000.0,0.0003,0.04,0.0002,,,H0,,False,,False,,,,,,,False,,2026,False,,,,,,,,,
59da3ff29cd14f83,5c9e85dcfc822ec4,2026-04-01 10:17:03.512000,2026-04-01 10:17:08.191000,2026-04-16 13:08:17.299000,Germany,2500000.0,0.00031,0.04,,,0.03,H0,,False,,False,,,,,,,False,,,False,,,,,,,,,
6ec76e81cdeb3ab2,75425deabefcf3f5,2026-02-20 09:50:03.026000,2026-02-20 09:50:37.794000,2026-04-16 14:00:59.742000,Germany,1300000.0,0.0002,0.04,,,,H0,,False,,False,,,,,,,False,,,False,,,,,,,,,
1a349da80c6e3711,0eaf20b1704a60f4,2026-03-09 13:23:33.026000,,2026-04-16 14:26:56.365000,Germany,6000000.0,0.00039,0.03,,,0.03,H0,,False,,False,,,,,,,False,,,False,,,,,,,,,
85ab4762fb33414a,8c10c4a04bb209a6,2026-03-02 13:33:41.938000,2026-04-02 09:34:49.405000,2026-04-16 14:41:45.652000,Germany,3000000.0,0.0003,0.04,0.0002,,0.03,H0,,False,,False,,,,,,,True,9000.0,2026,False,,,,,,,,,
3b7bf6ea96db70f2,2c480a81cb2efb5a,,2026-03-13 15:12:34.375000,2026-04-17 06:34:32.678000,Germany,8500000.0,0.0004,0.03,0.00025,,0.03,H0,,False,,False,,,,,,,False,,,False,,,,,,,,,
436de7413019cbce,d742ed060ce6ed8c,,2026-03-03 10:10:51.870000,2026-04-17 08:50:34.251000,Germany,4000000.0,0.00035,0.03,0.00025,,0.03,H0,,True,23500,False,,,,,,,False,,,False,,Heatpump,,,4000.0,14000000.0,,,
3162c0e06f047475,89853cde7ec5b631,2026-01-24 08:51:23.793000,2026-01-24 08:51:42.740000,2026-04-17 10:21:25.556000,Germany,12500000.0,0.00032,0.03,,,,H0,,False,,False,,,,,,,False,,,False,,,,,,,,,
59cf2825d6a3aac6,45b86031fe098aba,2026-01-24 13:37:38.049000,2026-01-26 06:57:55.175000,2026-04-17 10:30:02.967000,Germany,3000000.0,0.00032,0.03,0.00022,,,CustomFromEditor,9468fb5b2ab0c33c,False,,False,,,,,,,False,,,False,,Heatpump,,,3000.0,10500000.0,,,
ace7ae5e5c8817a4,7efb4c4fc00e4037,2026-02-11 08:06:30.503000,,2026-04-17 12:38:06.787000,Germany,6600000.0,0.00039,0.03,,,,H0,,False,,False,,,,,,,False,,,False,,,,,,,,,
185f19bc766402eb,3cdbecec25a1fb12,2026-03-13 07:39:17.244000,2026-03-23 16:18:17.093000,2026-04-18 11:01:46.321000,Germany,2000000.0,0.00032,0.0,,,0.0,H0,,False,,False,,,,,,,False,,,False,,,,,,,,,
2bc4c3edad773121,67ad99cf3db96184,2026-03-28 12:23:16.305000,2026-03-28 12:23:22.071000,2026-04-20 09:39:58.929000,Germany,8000000.0,0.0003,0.03,0.0002,,0.03,H0,,False,,False,,,,,,,False,,,False,,,,,,,,,
fd6cd548281fe8e1,11c179cf781011a3,2026-02-28 14:38:44.881000,2026-03-11 17:01:24.978000,2026-04-21 06:45:01.577000,Germany,13000000.0,0.0003,0.03,0.00024,,0.0,H0,,False,,False,,,,,,,False,,,False,,,,,,,,,
0ad78837ebe938fe,85d9fb5688e18e8d,2026-02-03 15:06:24.995000,2026-02-03 15:08:00.008000,2026-04-22 11:19:18.658000,Germany,4500000.0,0.00039,0.03,,,,H0,,False,,False,,,,,,,False,,,False,,,,,,,,,
1ec59835a3e9b92a,5a50f112f68e29ad,2026-03-09 12:56:04.130000,2026-03-18 13:22:36.757000,2026-04-23 10:08:14.013000,Germany,7000000.0,0.0003,0.03,,,0.03,H0,,False,,False,,,,,,,False,,,False,,,,,,,,,
b24b3970cf86031e,524be7d0b146f09e,2026-03-25 15:52:06.447000,2026-03-25 15:52:23.700000,2026-04-23 11:05:47.144000,Germany,8250000.0,0.00029,0.04,0.00018,15.0,0.03,H0,,False,,False,,,,,,,False,,,False,,,,,,,,,
f474b883331806c2,25e74b4458dd330d,2026-03-09 13:23:33.025000,2026-03-22 00:36:35.649000,2026-04-23 11:55:33.170000,Germany,5000000.0,0.00033,0.03,,10.0,0.03,H0,,False,,False,,,,,,,False,,,False,,Heatpump,,,5000.0,17500000.0,,,
48c64f194ad4d4b9,5576b5eafcb4e0fb,2026-03-30 14:56:05.908000,2026-04-02 17:35:41.118000,2026-04-23 13:42:28.832000,Germany,5500000.0,0.00037,0.03,,10.0,0.03,H0,,False,,False,,,,,,,False,,,False,,,,,,,,,
9bd6bc8dadd6fac8,72b9195e59381e4d,2026-03-19 11:58:45.983000,2026-03-19 11:59:12.367000,2026-04-23 15:27:34.842000,Germany,3400000.0,0.00037,0.04,0.0002,,0.03,H0,,False,,False,,,,,,,False,,,False,,,,,,,,,
2481a4868f703e55,0186b948f51578a2,2026-03-16 07:43:57.275000,2026-03-19 09:25:02.989000,2026-04-24 08:01:46.951000,Germany,8000000.0,0.00036,0.03,0.00022,,0.03,H0,,False,,False,,,,,,,False,,,False,,,,,,,,,
ea2bb175cc85402e,be6d0dbcf336f2b6,2026-03-04 16:26:02.927000,2026-03-16 19:01:33.590000,2026-04-24 11:11:49.748000,Germany,4000000.0,0.00031,0.05,0.00023,,0.03,SeniorOnePerson,,False,,False,,,,,,,False,,,False,,,,,,,,,
efa942f7e7833448,829934f735567b23,,2026-04-20 09:22:03.606000,2026-04-24 11:57:19.483000,Germany,6000000.0,0.00034,0.04,0.0002,,0.03,HomeOfficeOnePerson,,False,,False,,,,,,,False,,,False,,,,,,,,,
254add14a4c2ce48,48702a77ec33d1bc,2026-03-14 08:26:03.565000,2026-03-18 09:44:17.973000,2026-04-24 13:48:22.249000,Germany,3500000.0,0.00032,0.04,,12.0,0.04,H0,,False,,False,,,,,,,False,,,False,,,,,,,,,
b7d6755c8e9af738,1bb91c4723ed681a,,2025-11-14 09:41:19.752000,2026-04-24 14:01:49.528000,Germany,4500000.0,0.00039,0.03,,,,H0,,False,,False,,,,,,,False,,,False,,,,,,,,,
9ec9c79a079b2f3e,65dad9c38c887454,2026-02-16 08:59:57.950000,,2026-04-25 08:04:54.871000,Germany,3500000.0,0.00034,0.03,0.00025,,,CustomFromEditor,22f011a37cab8178,True,30000,False,,,,,,,False,,,False,,Heatpump,,,5500.0,19250000.0,,,
1a173f303b8d4677,00ebcbcf8ae39b3e,2026-03-17 19:12:51.925000,2026-03-19 15:35:23.068000,2026-04-25 09:13:20.573000,Germany,5000000.0,0.00028,0.0,0.00024,,,H0,,False,,False,,,,,,,False,,,False,,,,,,,,,
59e0810ea90f5553,52090dc8c84d6cb2,2026-03-25 17:47:03.100000,2026-04-02 16:24:22.786000,2026-04-25 09:14:57.092000,Germany,3700000.0,0.0003,0.04,,15.0,0.04,HomeOfficeOnePerson,,True,10000,False,,,,,,,False,,,False,,,,,,,,,
